mekan,il,tur,website,kaynak,kategori,kalem,fiyat
Elizinn,,cafe,https://www.elizinn.com.tr,woo,"Tuzlu Kurabiyeler, Tuzlu Tezgahı",Mercimekli Sefa,212.50
Elizinn,,cafe,https://www.elizinn.com.tr,woo,"Tuzlu Kurabiyeler, Tuzlu Tezgahı",Pancarlı Labneli Mini Poğaça,212.50
Elizinn,,cafe,https://www.elizinn.com.tr,woo,"Tuzlu Kurabiyeler, Tuzlu Tezgahı",Ispanaklı Labneli Mini Poğaça,212.50
Elizinn,,cafe,https://www.elizinn.com.tr,woo,Yaş Pastalar,Budapeşte Pasta,850.00
Elizinn,,cafe,https://www.elizinn.com.tr,woo,Babalar Günü,Babama Özel Pasta,1650.00
Elizinn,,cafe,https://www.elizinn.com.tr,woo,Babalar Günü,Canım Babam Pasta,1650.00
Elizinn,,cafe,https://www.elizinn.com.tr,woo,Kurabiye,Çikolatalı Cevizli Kurabiye,243.75
Elizinn,,cafe,https://www.elizinn.com.tr,woo,"Adet Pastalar, Cheesecake",San Sebastian Cheesecake,325.00
Elizinn,,cafe,https://www.elizinn.com.tr,woo,"Tuzlu Kurabiyeler, Tuzlu Tezgahı",Çatlak Kurabiye,212.50
Elizinn,,cafe,https://www.elizinn.com.tr,woo,Kurabiye,Hurmalı Hatay Kömbesi,243.75
Elizinn,,cafe,https://www.elizinn.com.tr,woo,"Tuzlu Kurabiyeler, Tuzlu Tezgahı",Spesiyal Tuzlu Kurabiye,212.50
Elizinn,,cafe,https://www.elizinn.com.tr,woo,Yaş Pastalar,Elizinn Çikolatalı Spesiyal Pasta,975.00
Elizinn,,cafe,https://www.elizinn.com.tr,woo,Yaş Pastalar,Venedik Pasta,1000.00
Elizinn,,cafe,https://www.elizinn.com.tr,woo,"Pasta, Yaş Pastalar",Çilekli Fıstık Drajeli İsveç Pasta,1000.00
Elizinn,,cafe,https://www.elizinn.com.tr,woo,Yaş Pastalar,Frambuazlı Çikolatalı İsveç Pasta,1000.00
Elizinn,,cafe,https://www.elizinn.com.tr,woo,Yaş Pastalar,Kara Orman Meyveli Pasta,1000.00
Elizinn,,cafe,https://www.elizinn.com.tr,woo,Yaş Pastalar,Kestaneli Fıstık Drajeli Pasta,1150.00
Elizinn,,cafe,https://www.elizinn.com.tr,woo,Yaş Pastalar,Frambuazlı İsveç Pasta,1000.00
Elizinn,,cafe,https://www.elizinn.com.tr,woo,Yaş Pastalar,Bademli Krokanlı Pasta,975.00
Elizinn,,cafe,https://www.elizinn.com.tr,woo,Yaş Pastalar,Volkanik Pasta,1000.00
Elizinn,,cafe,https://www.elizinn.com.tr,woo,Yaş Pastalar,Bezeli Meyveli Pasta,850.00
Elizinn,,cafe,https://www.elizinn.com.tr,woo,"Spesiyal Kurabiyeler, Tatlı Tezgahı",Süt Dilimi,318.75
Elizinn,,cafe,https://www.elizinn.com.tr,woo,"Baklava, Bayram Lezzetleri",Kaymaklı Tel Kadayıf,425.00
Elizinn,,cafe,https://www.elizinn.com.tr,woo,"Baklava, Bayram Lezzetleri",Badempare,425.00
Elizinn,,cafe,https://www.elizinn.com.tr,woo,"Baklava, Bayram Lezzetleri",Cevizpare,425.00
Elizinn,,cafe,https://www.elizinn.com.tr,woo,"Baklava, Bayram Lezzetleri",Fıstıkpare,425.00
Elizinn,,cafe,https://www.elizinn.com.tr,woo,"Baklava, Bayram Lezzetleri",İstanbul Tatlısı,425.00
Elizinn,,cafe,https://www.elizinn.com.tr,woo,"Baklava, Bayram Lezzetleri",Vezirparmağı,425.00
Elizinn,,cafe,https://www.elizinn.com.tr,woo,"Baklava, Bayram Lezzetleri",Havuç Dilimi,800.00
Elizinn,,cafe,https://www.elizinn.com.tr,woo,Atıştırmalık Paket,Fesleğenli Grissini,350.00
Elizinn,,cafe,https://www.elizinn.com.tr,woo,Atıştırmalık Paket,Parmesanlı Peynirli Grissini,350.00
Elizinn,,cafe,https://www.elizinn.com.tr,woo,"Çikolata, Sevgililer Günü",Büyük Kalp Dekorlu Çikolata Kutu,1850.00
Elizinn,,cafe,https://www.elizinn.com.tr,woo,"Çikolata, Sevgililer Günü",Spesiyal Çikolata Küçük Beyaz Kutu,575.00
Elizinn,,cafe,https://www.elizinn.com.tr,woo,Petifür,Karışık Petifür / Ekler,293.75
Elizinn,,cafe,https://www.elizinn.com.tr,woo,"Pasta, Yeni Yıl",Kurabiye Adam Yeni Yıl Pasta,1725.00
Elizinn,,cafe,https://www.elizinn.com.tr,woo,"Pasta, Yeni Yıl",Penguen Yeni Yıl Pasta,1725.00
Elizinn,,cafe,https://www.elizinn.com.tr,woo,"Pasta, Yeni Yıl",Kırmızı Yeni Yıl Pasta,1725.00
Elizinn,,cafe,https://www.elizinn.com.tr,woo,"Pasta, Yeni Yıl",Çam Ağacı Pasta,1475.00
Elizinn,,cafe,https://www.elizinn.com.tr,woo,"Pasta, Yeni Yıl",Noel Baba Pasta,1475.00
Elizinn,,cafe,https://www.elizinn.com.tr,woo,"Kurabiye, Tatlı Tezgahı",Karışık Tatlı Kuru Pasta,243.75
Elizinn,,cafe,https://www.elizinn.com.tr,woo,"Tuzlu Kurabiyeler, Tuzlu Tezgahı",Karışık Tuzlu Kuru Pasta,212.50
Elizinn,,cafe,https://www.elizinn.com.tr,woo,"Pasta, Yeni Yıl",Mutlu Yıllar Pasta,1475.00
Elizinn,,cafe,https://www.elizinn.com.tr,woo,Yeni Yıl,Kurabiye Yeni Yıl Evi,3950.00
Elizinn,,cafe,https://www.elizinn.com.tr,woo,Yeni Yıl,Tavuk,2950.00
Elizinn,,cafe,https://www.elizinn.com.tr,woo,"Pasta, Yeni Yıl",Kırmızı Yeni Yıl Pasta,1075.00
Elizinn,,cafe,https://www.elizinn.com.tr,woo,"Çikolata, Spesiyal Çikolatalar",Elizinn Dubai Çikolatası,450.00
Elizinn,,cafe,https://www.elizinn.com.tr,woo,Simit,Tereyağlı Simit,45.00
Elizinn,,cafe,https://www.elizinn.com.tr,woo,Yaş Pastalar,Yaban Mersinli Çilekli Pasta,850.00
Elizinn,,cafe,https://www.elizinn.com.tr,woo,Babalar Günü,Babalar Günü Gömlek  Kurabiye,45.00
Elizinn,,cafe,https://www.elizinn.com.tr,woo,Anneler Günü,Anneler Günü Pembe Kalpli Adet Pasta,275.00
Elizinn,,cafe,https://www.elizinn.com.tr,woo,Anneler Günü,Anneler Günü Kalpli Adet Pasta,199.00
Elizinn,,cafe,https://www.elizinn.com.tr,woo,Anneler Günü,Anneler Günü Kalpli Cupcake,125.00
Elizinn,,cafe,https://www.elizinn.com.tr,woo,Anneler Günü,Anneler Günü Ayıcıklı Cupcake,79.50
Elizinn,,cafe,https://www.elizinn.com.tr,woo,Anneler Günü,Canım Annem Özel Pasta,1250.00
Elizinn,,cafe,https://www.elizinn.com.tr,woo,Anneler Günü,Anneler Günü Kalp Pasta,1250.00
Elizinn,,cafe,https://www.elizinn.com.tr,woo,Anneler Günü,Canım Annem Pasta,995.00
Elizinn,,cafe,https://www.elizinn.com.tr,woo,Kadınlar Günü,Kadınlar Günü Ruj Adet Pasta,155.00
Elizinn,,cafe,https://www.elizinn.com.tr,woo,Kadınlar Günü,Kadınlar Günü Adet Pasta,155.00
Elizinn,,cafe,https://www.elizinn.com.tr,woo,Kadınlar Günü,Kadınlar Günü Cupcake,79.50
Elizinn,,cafe,https://www.elizinn.com.tr,woo,Kadınlar Günü,Kadınlar Günü Pembe Cupcake,79.50
Elizinn,,cafe,https://www.elizinn.com.tr,woo,Kadınlar Günü,Kadınlar Günü Pasta,465.00
Elizinn,,cafe,https://www.elizinn.com.tr,woo,Kadınlar Günü,Kadınlar Günü Çiçek Pasta,715.00
Elizinn,,cafe,https://www.elizinn.com.tr,woo,Sevgililer Günü,Kalpli Tavşanlı Adet Pasta,155.00
Elizinn,,cafe,https://www.elizinn.com.tr,woo,Sevgililer Günü,Love Pasta,345.00
Elizinn,,cafe,https://www.elizinn.com.tr,woo,Sevgililer Günü,Sevgililer Günü Kalpli Kurabiye,45.00
Elizinn,,cafe,https://www.elizinn.com.tr,woo,Sevgililer Günü,Sevgililer Günü 12&#8217;li Macaron,395.00
Elizinn,,cafe,https://www.elizinn.com.tr,woo,Sevgililer Günü,Sevgililer Günü 6&#8217;lı Macaron,195.00
Elizinn,,cafe,https://www.elizinn.com.tr,woo,Sevgililer Günü,Kalpli Kutu Çikolata,295.00
Elizinn,,cafe,https://www.elizinn.com.tr,woo,Sevgililer Günü,Sevgililer Günü Gül Pasta,1250.00
Elizinn,,cafe,https://www.elizinn.com.tr,woo,Sevgililer Günü,Sevgililer Günü Kalpli Pasta,490.00
Elizinn,,cafe,https://www.elizinn.com.tr,woo,Sevgililer Günü,Sevgililer Günü Adet Pasta,155.00
Elizinn,,cafe,https://www.elizinn.com.tr,woo,Sevgililer Günü,Kalpli Adet Pasta,155.00
Elizinn,,cafe,https://www.elizinn.com.tr,woo,Sevgililer Günü,Sevgililer Günü Cupcake,125.00
Elizinn,,cafe,https://www.elizinn.com.tr,woo,Sevgililer Günü,Sevgililer Günü Kalpli Dikdörtgen Çikolata Kutusu,495.00
Elizinn,,cafe,https://www.elizinn.com.tr,woo,Waffle &amp; Pankek,Çikolatalı Sufle,524.50
Elizinn,,cafe,https://www.elizinn.com.tr,woo,"Ana Yemekler, Etli Menüler",Hardal Soslu Steak,1099.50
Elizinn,,cafe,https://www.elizinn.com.tr,woo,"Kahvaltı, Tost",Kavurmalı Tost,529.50
Elizinn,,cafe,https://www.elizinn.com.tr,woo,Yeni Yıl,Kokina Yeni Yıl Pasta,525.00
Elizinn,,cafe,https://www.elizinn.com.tr,woo,"Pasta, Yeni Yıl",Kardan Adam Yeni Yıl Pasta,1075.00
Elizinn,,cafe,https://www.elizinn.com.tr,woo,Yeni Yıl,Fıstık Drajeli Kozalak Süslemeli Yeni Yıl Naked Pasta,1275.00
Elizinn,,cafe,https://www.elizinn.com.tr,woo,"Yaş Pastalar, Yeni Yıl",Fıstık Drajeli Yeni Yıl Naked Pasta,685.00
Elizinn,,cafe,https://www.elizinn.com.tr,woo,Yeni Yıl,Fıstık Drajeli Nar Süslemeli Yeni Yıl Naked Pasta,1275.00
Elizinn,,cafe,https://www.elizinn.com.tr,woo,Öğretmenler Günü,Uğur Böceği Pasta,525.00
Elizinn,,cafe,https://www.elizinn.com.tr,woo,Öğretmenler Günü,Öğretmenler Günü Cupcake,59.50
Elizinn,,cafe,https://www.elizinn.com.tr,woo,Öğretmenler Günü,Öğretmenler Günü Pasta,995.00
Elizinn,,cafe,https://www.elizinn.com.tr,woo,"Pasta, Yaş Pastalar",Çikolatalı Vişneli Pasta,365.00
Elizinn,,cafe,https://www.elizinn.com.tr,woo,"Pasta, Yaş Pastalar",Çikolatalı Vişneli Pasta,950.00
Elizinn,,cafe,https://www.elizinn.com.tr,woo,"Pasta, Yaş Pastalar",Çilek Rüyası Pasta,365.00
Elizinn,,cafe,https://www.elizinn.com.tr,woo,"Hamburger, Yemek",Mix Burger,699.50
Elizinn,,cafe,https://www.elizinn.com.tr,woo,"Makarna, Yemek",Penne Puttanesca,459.50
Elizinn,,cafe,https://www.elizinn.com.tr,woo,"Hamburger, Yemek",Çıtır Steak  Burger,639.50
Elizinn,,cafe,https://www.elizinn.com.tr,woo,"Salata, Yemek",Peynirli Chia Salata,474.50
Elizinn,,cafe,https://www.elizinn.com.tr,woo,"Sandviç, Yemek",Cheesesteak Sandviç,649.50
Elizinn,,cafe,https://www.elizinn.com.tr,woo,"Bowl, Yemek",Mexican Bowl,859.50
Elizinn,,cafe,https://www.elizinn.com.tr,woo,"Kahvaltı, Kahvaltı Tabağı",Kaşarlı Menemen,399.50
Elizinn,,cafe,https://www.elizinn.com.tr,woo,"Pasta, Yaş Pastalar",Beyaz Kremalı Frambuazlı Pasta,365.00
Elizinn,,cafe,https://www.elizinn.com.tr,woo,"İçecekler, Soğuk Kahveler",Ice Latte Karamel Bubble Tea,249.50
Elizinn,,cafe,https://www.elizinn.com.tr,woo,"İçecekler, Soğuk Kahveler",Ice Mocha Çikolata Bubble,249.50
Elizinn,,cafe,https://www.elizinn.com.tr,woo,"İçecekler, Soğuk Kahveler",Ice Mocha,229.50
Greenwich Coffee,,cafe,https://greenwichcoffee.com,woo,"ATIŞTIRMALIKLAR, Menü",DEREOTLU POĞAÇA,75.00
Greenwich Coffee,,cafe,https://greenwichcoffee.com,woo,Menü,MONO KARE TİRAMİSU,295.00
Greenwich Coffee,,cafe,https://greenwichcoffee.com,woo,"ATIŞTIRMALIKLAR, Menü",TAHİNLİ ÇÖREK,120.00
Greenwich Coffee,,cafe,https://greenwichcoffee.com,woo,Menü,SAN SEBASTİAN CHESECAKE,310.00
Greenwich Coffee,,cafe,https://greenwichcoffee.com,woo,"HOT-ICE DRINK, İçecekler",Vanilyalı Milkshake,280.00
Greenwich Coffee,,cafe,https://greenwichcoffee.com,woo,"HOT-ICE DRINK, İçecekler",Çilekli Milkshake,280.00
Greenwich Coffee,,cafe,https://greenwichcoffee.com,woo,"HOT-ICE DRINK, İçecekler",Çikolatalı Milkshake,280.00
Greenwich Coffee,,cafe,https://greenwichcoffee.com,woo,Menü,ŞEFTALI SARMA,320.00
Greenwich Coffee,,cafe,https://greenwichcoffee.com,woo,Menü,ORMANMEYVELİ NO BAKE CHEESECAKE,315.00
Greenwich Coffee,,cafe,https://greenwichcoffee.com,woo,Menü,FRAMBUAZLI KAKAOLU RULO SARMA,320.00
Greenwich Coffee,,cafe,https://greenwichcoffee.com,woo,Menü,ÇİKOLATALI ÇİLEKLİ MONO,330.00
Greenwich Coffee,,cafe,https://greenwichcoffee.com,woo,"EKSTRALAR, Menü",EXTRA KREM ŞANTİ,60.00
Greenwich Coffee,,cafe,https://greenwichcoffee.com,woo,"ATIŞTIRMALIKLAR, Menü",TRIO HİNDİSTAN CEVİZİ-YER FISTIĞI TOP,115.00
Greenwich Coffee,,cafe,https://greenwichcoffee.com,woo,"ATIŞTIRMALIKLAR, Menü",TRIO CHIA TOHUMU-VİŞNE EZMESİ TOP,115.00
Greenwich Coffee,,cafe,https://greenwichcoffee.com,woo,Menü,GW MAGNUM KARADUT KRUVASAN,380.00
Greenwich Coffee,,cafe,https://greenwichcoffee.com,woo,Menü,GW MAGNUM FISTIK KRUVASAN,380.00
Greenwich Coffee,,cafe,https://greenwichcoffee.com,woo,Menü,GW MAGNUM BEYAZ KRUVASAN,380.00
Greenwich Coffee,,cafe,https://greenwichcoffee.com,woo,Menü,GW MAGNUM BADEM KRUVASAN,380.00
Greenwich Coffee,,cafe,https://greenwichcoffee.com,woo,"ATIŞTIRMALIKLAR, Menü",Fruwy Şeftali,135.00
Greenwich Coffee,,cafe,https://greenwichcoffee.com,woo,"ATIŞTIRMALIKLAR, Menü",Fruwy Mango,145.00
Greenwich Coffee,,cafe,https://greenwichcoffee.com,woo,"ATIŞTIRMALIKLAR, Menü",Fruwy Elma,135.00
Greenwich Coffee,,cafe,https://greenwichcoffee.com,woo,"ATIŞTIRMALIKLAR, Menü",Fruwy Ejder,145.00
Greenwich Coffee,,cafe,https://greenwichcoffee.com,woo,"ATIŞTIRMALIKLAR, Menü",Fruwy Çilek,135.00
Greenwich Coffee,,cafe,https://greenwichcoffee.com,woo,"ATIŞTIRMALIKLAR, Menü",Fruwy Ananas,145.00
Greenwich Coffee,,cafe,https://greenwichcoffee.com,woo,"Menü, TATLILAR",GW ELMALI KEK,150.00
Greenwich Coffee,,cafe,https://greenwichcoffee.com,woo,"Menü, TATLILAR",GW YABAN MERSİNLİ KEK,150.00
Greenwich Coffee,,cafe,https://greenwichcoffee.com,woo,Menü,GW SADE KRUVASAN,200.00
Greenwich Coffee,,cafe,https://greenwichcoffee.com,woo,Menü,GW KAŞARLI KRUVASAN,270.00
Greenwich Coffee,,cafe,https://greenwichcoffee.com,woo,Menü,GW KAHVALTI KRUVASAN,350.00
Greenwich Coffee,,cafe,https://greenwichcoffee.com,woo,Menü,GW ÇİKOLATALI KRUVASAN,270.00
Greenwich Coffee,,cafe,https://greenwichcoffee.com,woo,Menü,GW AVOKADO VE DANA JAMBONLU KRUVASAN,350.00
Greenwich Coffee,,cafe,https://greenwichcoffee.com,woo,Menü,BARDAK WAFFLE,270.00
Greenwich Coffee,,cafe,https://greenwichcoffee.com,woo,Menü,MANTARLI KİŞ,270.00
Greenwich Coffee,,cafe,https://greenwichcoffee.com,woo,Menü,ISPANAKLI KİŞ,270.00
Greenwich Coffee,,cafe,https://greenwichcoffee.com,woo,Menü,GW MİNİ PEYNİRLİ,70.00
Greenwich Coffee,,cafe,https://greenwichcoffee.com,woo,Menü,GW ELMALI TURTA,180.00
Greenwich Coffee,,cafe,https://greenwichcoffee.com,woo,Menü,GW ATOM BEZE,70.00
Greenwich Coffee,,cafe,https://greenwichcoffee.com,woo,Menü,ARTİZAN ELMALI TART,315.00
Greenwich Coffee,,cafe,https://greenwichcoffee.com,woo,Menü,RUBY ORMAN MEYVELİ PASTA,345.00
Greenwich Coffee,,cafe,https://greenwichcoffee.com,woo,"ATIŞTIRMALIKLAR, Menü",MATCHA COOKİE (BARDAK),290.00
Greenwich Coffee,,cafe,https://greenwichcoffee.com,woo,Menü,MATCHA BLONDİE,310.00
Greenwich Coffee,,cafe,https://greenwichcoffee.com,woo,Menü,MANGO PASSION PASTA,330.00
Greenwich Coffee,,cafe,https://greenwichcoffee.com,woo,"ATIŞTIRMALIKLAR, Menü",CO-HURMA TOPLARI (BARDAK),300.00
Greenwich Coffee,,cafe,https://greenwichcoffee.com,woo,"HOT-ICE DRINK, İçecekler",ICE CAPPUCCINO,210.00
Greenwich Coffee,,cafe,https://greenwichcoffee.com,woo,"ALTERNATİFLER, İçecekler",COLOMBIA PİNK BOURBON (S),300.00
Greenwich Coffee,,cafe,https://greenwichcoffee.com,woo,"ATIŞTIRMALIKLAR, Menü",LABNELİ ISPANAKLI POĞAÇA,75.00
Greenwich Coffee,,cafe,https://greenwichcoffee.com,woo,Menü,YULAFLI PİNK MATCHA LATTE (S),275.00
Greenwich Coffee,,cafe,https://greenwichcoffee.com,woo,Menü,YULAFLI PİNK MATCHA LATTE (M),285.00
Greenwich Coffee,,cafe,https://greenwichcoffee.com,woo,Menü,YULAFLI PİNK MATCHA LATTE (L),295.00
Greenwich Coffee,,cafe,https://greenwichcoffee.com,woo,Menü,YULAFLI MATCHA LATTE (S),275.00
Greenwich Coffee,,cafe,https://greenwichcoffee.com,woo,Menü,YULAFLI MATCHA LATTE (M),285.00
Greenwich Coffee,,cafe,https://greenwichcoffee.com,woo,Menü,YULAFLI MATCHA LATTE (L),295.00
Greenwich Coffee,,cafe,https://greenwichcoffee.com,woo,Menü,YULAFLI BLUE MATCHA LATTE (S),275.00
Greenwich Coffee,,cafe,https://greenwichcoffee.com,woo,Menü,YULAFLI BLUE MATCHA LATTE (M),285.00
Greenwich Coffee,,cafe,https://greenwichcoffee.com,woo,Menü,YULAFLI BLUE MATCHA LATTE (L),295.00
Greenwich Coffee,,cafe,https://greenwichcoffee.com,woo,Menü,PİNK MATCHA LATTE (S),260.00
Greenwich Coffee,,cafe,https://greenwichcoffee.com,woo,Menü,PİNK MATCHA LATTE (M),275.00
Greenwich Coffee,,cafe,https://greenwichcoffee.com,woo,Menü,PİNK MATCHA LATTE (L),290.00
Greenwich Coffee,,cafe,https://greenwichcoffee.com,woo,Menü,MATCHA LATTE (S),260.00
Greenwich Coffee,,cafe,https://greenwichcoffee.com,woo,Menü,MATCHA LATTE (M),275.00
Greenwich Coffee,,cafe,https://greenwichcoffee.com,woo,Menü,MATCHA LATTE (L),290.00
Greenwich Coffee,,cafe,https://greenwichcoffee.com,woo,Menü,BLUE MATCHA LATTE (S),260.00
Greenwich Coffee,,cafe,https://greenwichcoffee.com,woo,Menü,BLUE MATCHA LATTE (M),275.00
Greenwich Coffee,,cafe,https://greenwichcoffee.com,woo,Menü,BLUE MATCHA LATTE (L),290.00
Greenwich Coffee,,cafe,https://greenwichcoffee.com,woo,Menü,BADEMLİ PİNK MATCHA LATTE (S),275.00
Greenwich Coffee,,cafe,https://greenwichcoffee.com,woo,Menü,BADEMLİ PİNK MATCHA LATTE (M),285.00
Greenwich Coffee,,cafe,https://greenwichcoffee.com,woo,Menü,BADEMLİ PİNK MATCHA LATTE (L),295.00
Greenwich Coffee,,cafe,https://greenwichcoffee.com,woo,Menü,BADEMLİ MATCHA LATTE (S),275.00
Greenwich Coffee,,cafe,https://greenwichcoffee.com,woo,Menü,BADEMLİ MATCHA LATTE (M),285.00
Greenwich Coffee,,cafe,https://greenwichcoffee.com,woo,Menü,BADEMLİ MATCHA LATTE (L),295.00
Greenwich Coffee,,cafe,https://greenwichcoffee.com,woo,Menü,BADEMLİ BLUE MATCHA LATTE (S),275.00
Greenwich Coffee,,cafe,https://greenwichcoffee.com,woo,Menü,BADEMLİ BLUE MATCHA LATTE (M),285.00
Greenwich Coffee,,cafe,https://greenwichcoffee.com,woo,Menü,BADEMLİ BLUE MATCHA LATTE (L),295.00
Greenwich Coffee,,cafe,https://greenwichcoffee.com,woo,Menü,ICE yulaflı pink matcha latte (S),275.00
Greenwich Coffee,,cafe,https://greenwichcoffee.com,woo,Menü,ICE yulaflı pink matcha latte (M),285.00
Greenwich Coffee,,cafe,https://greenwichcoffee.com,woo,Menü,ICE yulaflı pink matcha latte (L),295.00
Greenwich Coffee,,cafe,https://greenwichcoffee.com,woo,Menü,ICE yulaflı matcha latte (S),275.00
Greenwich Coffee,,cafe,https://greenwichcoffee.com,woo,Menü,ICE yulaflı matcha latte (M),285.00
Greenwich Coffee,,cafe,https://greenwichcoffee.com,woo,Menü,ICE yulaflı matcha latte (L),295.00
Greenwich Coffee,,cafe,https://greenwichcoffee.com,woo,Menü,ICE yulaflı blue matcha latte (S),275.00
Greenwich Coffee,,cafe,https://greenwichcoffee.com,woo,Menü,ICE yulaflı blue matcha latte (M),285.00
Greenwich Coffee,,cafe,https://greenwichcoffee.com,woo,Menü,ICE yulaflı blue matcha latte (L),295.00
Greenwich Coffee,,cafe,https://greenwichcoffee.com,woo,Menü,ICE pink matcha latte (S),260.00
Greenwich Coffee,,cafe,https://greenwichcoffee.com,woo,Menü,ICE pink matcha latte (M),275.00
Greenwich Coffee,,cafe,https://greenwichcoffee.com,woo,Menü,ICE pink matcha latte (L),290.00
Greenwich Coffee,,cafe,https://greenwichcoffee.com,woo,Menü,ICE matcha latte (S),260.00
Greenwich Coffee,,cafe,https://greenwichcoffee.com,woo,Menü,ICE matcha latte (M),275.00
Greenwich Coffee,,cafe,https://greenwichcoffee.com,woo,Menü,ICE matcha latte (L),290.00
Greenwich Coffee,,cafe,https://greenwichcoffee.com,woo,Menü,ICE blue matcha latte (S),260.00
Greenwich Coffee,,cafe,https://greenwichcoffee.com,woo,Menü,ICE blue matcha latte (M),275.00
Greenwich Coffee,,cafe,https://greenwichcoffee.com,woo,Menü,ICE blue matcha latte (L),290.00
Greenwich Coffee,,cafe,https://greenwichcoffee.com,woo,Menü,ICE Bademli pink matcha latte (S),275.00
Greenwich Coffee,,cafe,https://greenwichcoffee.com,woo,Menü,ICE Bademli pink matcha latte (M),285.00
Greenwich Coffee,,cafe,https://greenwichcoffee.com,woo,Menü,ICE Bademli pink matcha latte (L),295.00
Greenwich Coffee,,cafe,https://greenwichcoffee.com,woo,Menü,ICE Bademli matcha latte (S),275.00
Greenwich Coffee,,cafe,https://greenwichcoffee.com,woo,Menü,ICE Bademli matcha latte (M),285.00
Greenwich Coffee,,cafe,https://greenwichcoffee.com,woo,Menü,ICE Bademli matcha latte (L),295.00
Greenwich Coffee,,cafe,https://greenwichcoffee.com,woo,Menü,ICE Bademli blue matcha latte (S),275.00
Greenwich Coffee,,cafe,https://greenwichcoffee.com,woo,Menü,ICE Bademli blue matcha latte (M),285.00
Greenwich Coffee,,cafe,https://greenwichcoffee.com,woo,Menü,ICE Bademli blue matcha latte (L),295.00
Kronotrop,,cafe,https://kronotrop.com.tr,html,,Grounded Collection Oversized White T-Shirt,439.00
Kronotrop,,cafe,https://kronotrop.com.tr,html,,Grounded Collection Oversized Green Hoodie,870.00
Kronotrop,,cafe,https://kronotrop.com.tr,html,,Etiyopya Korcha Natural (Filtre),1150.00
Kronotrop,,cafe,https://kronotrop.com.tr,html,,Kronotrop Latte Fincanı,1050.00
Kronotrop,,cafe,https://kronotrop.com.tr,html,,Hario V60 Dripper Seti,900.00
Kronotrop,,cafe,https://kronotrop.com.tr,html,,Cezve,4900.00
Kronotrop,,cafe,https://kronotrop.com.tr,html,,Aeropress Demleme Ekipmanı,2600.00
Veganarsist Kızılay,,cafe,https://veganarsist.com,woo,"İçecekler, Paket Ürünleri",Kajran ( Kajudan Vegan Ayran ) ( Kuru Naneli ) ( 50 cl ) ( Cam Şişe ),284.00
Veganarsist Kızılay,,cafe,https://veganarsist.com,woo,,Kuru Buz,150.00
Veganarsist Kızılay,,cafe,https://veganarsist.com,woo,,Strafor Kutu,150.00
Veganarsist Kızılay,,cafe,https://veganarsist.com,woo,"Anne Yemekleri, Paket Ürünleri",Dionysos Vegan Patlıcan Musakka ( 345 Gr. ) ( Glutensiz ),273.00
Veganarsist Kızılay,,cafe,https://veganarsist.com,woo,"Anne Yemekleri, Paket Ürünleri",Helios Vegan Karnıyarık ( 2 Adet ) ( Glutensiz ),324.00
Veganarsist Kızılay,,cafe,https://veganarsist.com,woo,"Özel Lezzetler, Paket Ürünleri",Cosmos Vegan Balcan ( Patlıcan ) Kebabı ( Porsiyon ) ( Glutensiz ),213.00
Veganarsist Kızılay,,cafe,https://veganarsist.com,woo,"Paket Ürünleri, Soslar ve Harçlar",Soya Soslu Vegan Balık Sosu ( 345 Ml. ) ( Glutensiz ),187.50
Veganarsist Kızılay,,cafe,https://veganarsist.com,woo,"Paket Ürünleri, Soslar ve Harçlar",Vegan Bolonez Sos ( 345 Gr. ) ( Glutensiz ),209.00
Veganarsist Kızılay,,cafe,https://veganarsist.com,woo,"Paket Ürünleri, Soslar ve Harçlar",Vegan Et Döner Sosu ( 345 Ml. ) ( Glutensiz ),100.00
Veganarsist Kızılay,,cafe,https://veganarsist.com,woo,"Paket Ürünleri, Soslar ve Harçlar",Vegan İskender Sosu ( 345 Ml. ) ( Glutensiz ),87.00
Veganarsist Kızılay,,cafe,https://veganarsist.com,woo,"Paket Ürünleri, Soslar ve Harçlar",Doris Vegan Mayonezli Balık Sosu ( 345 gr ) ( Glutensiz ),143.00
Veganarsist Kızılay,,cafe,https://veganarsist.com,woo,"Anne Yemekleri, Paket Ürünleri",Fethiye&#8217;nin Vegan Karalahana Dolması ( 10 Adet ) ( Glutensiz ),219.00
Veganarsist Kızılay,,cafe,https://veganarsist.com,woo,"Özel Lezzetler, Paket Ürünleri",Freyja Vegan İzmir Köfte ( Porsiyon ) ( Glutensiz ),324.00
Veganarsist Kızılay,,cafe,https://veganarsist.com,woo,"Özel Lezzetler, Paket Ürünleri",Troy&#8217;s Vegan İslim Kebabı ( Porsiyon ) ( Glutensiz ),324.00
Veganarsist Kızılay,,cafe,https://veganarsist.com,woo,"Paket Ürünleri, Soslar ve Harçlar",Dereotlu GMZ Sos (345 Ml. ) ( Glutensiz ),291.50
Veganarsist Kızılay,,cafe,https://veganarsist.com,woo,"Paket Ürünleri, Soslar ve Harçlar",July Karışık Sebzeli Harç ( 345 Gr. ),142.00
Veganarsist Kızılay,,cafe,https://veganarsist.com,woo,"Anne Yemekleri, Paket Ürünleri",Feronia Vegan Biber Dolması ( 3 Adet ) ( Glutensiz ),219.00
Veganarsist Kızılay,,cafe,https://veganarsist.com,woo,"Anne Yemekleri, Paket Ürünleri",Poros Vegan Beyaz Lahana Dolması ( 10 Adet ) ( Glutensiz ),219.00
Veganarsist Kızılay,,cafe,https://veganarsist.com,woo,"Paket Ürünleri, Soslar ve Harçlar",Vegan Cheddar Sos ( 345 Ml. ) ( Glutensiz ),261.00
Veganarsist Kızılay,,cafe,https://veganarsist.com,woo,"Paket Ürünleri, Soslar ve Harçlar",Sarımsaklı Vegan Mayonez ( 345 Ml. ) ( Glutensiz ),127.50
Veganarsist Kızılay,,cafe,https://veganarsist.com,woo,"Özel Lezzetler, Paket Ürünleri",Tempeh ( 250 Gr. ) ( Glutensiz ),163.50
Veganarsist Kızılay,,cafe,https://veganarsist.com,woo,"Anne Yemekleri, Paket Ürünleri",Vegan Sebzeli Bulgur Pilavı ( 345 Gr. ),81.00
Veganarsist Kızılay,,cafe,https://veganarsist.com,woo,"Anne Yemekleri, Paket Ürünleri",Vegan Pirinç Pilavı ( 345 Gr. ) ( Glutensiz ),81.00
Veganarsist Kızılay,,cafe,https://veganarsist.com,woo,"Anne Yemekleri, Paket Ürünleri",Vegan Nohut Yemeği ( 345 Gr. ) ( Glutensiz ),135.00
Veganarsist Kızılay,,cafe,https://veganarsist.com,woo,"Anne Yemekleri, Paket Ürünleri",Vegan Kuru Fasulye Yemeği ( 345 Gr. ) ( Glutensiz ),135.00
Veganarsist Kızılay,,cafe,https://veganarsist.com,woo,"Özel Lezzetler, Paket Ürünleri",Castumanna Vegan Kır Pidesi ( Adet ),168.00
Veganarsist Kızılay,,cafe,https://veganarsist.com,woo,"Özel Lezzetler, Paket Ürünleri",Asia&#8217;s Rain Vegan Kadınbudu Köfte ( Adet ) ( 75 Gr. ),87.00
Veganarsist Kızılay,,cafe,https://veganarsist.com,woo,"Çorbalar, Paket Ürünleri",Sevim&#8217;in Vegan Tarhana Çorbası ( 345 Ml. ) ( Acılı ),117.00
Veganarsist Kızılay,,cafe,https://veganarsist.com,woo,"Çorbalar, Paket Ürünleri",Oriza Vegan Yoğurt Çorbası ( 345 Ml. ) ( Glutensiz ),150.00
Veganarsist Kızılay,,cafe,https://veganarsist.com,woo,"Çorbalar, Paket Ürünleri",Limos Vegan Köz Biberli Köz Patlıcan Çorbası ( 345 Ml. ) ( Glutensiz ),150.00
Veganarsist Kızılay,,cafe,https://veganarsist.com,woo,"Çorbalar, Paket Ürünleri",Fethiye&#8217;nin Vegan Karalahana Çorbası ( 345 Ml.) ( Glutensiz ) ( Acılı ),168.00
Veganarsist Kızılay,,cafe,https://veganarsist.com,woo,"Çorbalar, Paket Ürünleri",Bulgurlu Vegan Mercimek Çorbası ( 345 Ml. ),117.00
Veganarsist Kızılay,,cafe,https://veganarsist.com,woo,"Çorbalar, Paket Ürünleri",Athena Vegan Brokoli Çorbası ( 345 Ml.) ( Glutensiz ),150.00
Veganarsist Kızılay,,cafe,https://veganarsist.com,woo,"Çorbalar, Paket Ürünleri",Apollon Vegan Balkabağı Çorbası ( 345 Ml. ) ( Acılı ) ( Glutensiz ),150.00
Veganarsist Kızılay,,cafe,https://veganarsist.com,woo,"Paket Ürünleri, Soslar ve Harçlar",Vegan Menemen ( 345 gr ),156.00
Veganarsist Kızılay,,cafe,https://veganarsist.com,woo,"Özel Lezzetler, Paket Ürünleri",Eros Vegan Gözleme ( Adet ),66.00
Veganarsist Kızılay,,cafe,https://veganarsist.com,woo,"Paket Ürünleri, Soslar ve Harçlar",Acı Biber Reçeli ( Vegan ) ( 345 Gr. ),334.00
Veganarsist Kızılay,,cafe,https://veganarsist.com,woo,"Paket Ürünleri, Soslar ve Harçlar",Persephone Vegan Acıka ( Glutensiz ) ( 345 Gr. ),399.00
Veganarsist Kızılay,,cafe,https://veganarsist.com,woo,"Paket Ürünleri, Soslar ve Harçlar",Vegan Islak Hamburger Sosu ( Glutensiz ) ( 345 Ml. ),158.00
Veganarsist Kızılay,,cafe,https://veganarsist.com,woo,"Paket Ürünleri, Soslar ve Harçlar",Sarımsaklı Fermente Vegan Kaju Yoğurdu Sosu ( Glutensiz ) ( 345 Ml. ),327.00
Veganarsist Kızılay,,cafe,https://veganarsist.com,woo,"Özel Lezzetler, Paket Ürünleri",Demeter Vegan Börek ( 50 Gr. &#8211; Adet ),35.00
Veganarsist Kızılay,,cafe,https://veganarsist.com,woo,"Özel Lezzetler, Paket Ürünleri",Medusa Vegan Sucuk ( Glutensiz ) ( 200 Gr. ),190.00
Veganarsist Kızılay,,cafe,https://veganarsist.com,woo,"Özel Lezzetler, Paket Ürünleri",Thetis Vegan İçli Köfte ( Adet ),88.00
Veganarsist Kızılay,,cafe,https://veganarsist.com,woo,"Özel Lezzetler, Paket Ürünleri",Hestia Vegan Mantı Sosu ( Glutensiz ) ( 345 Ml. ),158.00
Veganarsist Kızılay,,cafe,https://veganarsist.com,woo,"Özel Lezzetler, Paket Ürünleri",Hestia Vegan Mantı ( 500 Gr. ),402.00
Veganarsist Kızılay,,cafe,https://veganarsist.com,woo,"Köfteler, Paket Ürünleri",Sezar Vegan Urfa ( Acısız ) Dürüm Köftesi ( Glutensiz )( 100 Gr. ),126.00
Veganarsist Kızılay,,cafe,https://veganarsist.com,woo,"Köfteler, Paket Ürünleri",Nev&#8217;in Vegan Anne Köftesi ( Glutensiz ) ( 500 Gr. ),582.00
Veganarsist Kızılay,,cafe,https://veganarsist.com,woo,"Köfteler, Paket Ürünleri",Brutus Vegan Adana ( Acılı ) Dürüm Köftesi ( Glutensiz ) ( 100 Gr. ),126.00
Veganarsist Kızılay,,cafe,https://veganarsist.com,woo,"Köfteler, Paket Ürünleri",Narsist Vegan Burger Köftesi ( Glutensiz ) ( Adet ),69.00
Veganarsist Kızılay,,cafe,https://veganarsist.com,woo,"Özel Lezzetler, Paket Ürünleri",Gandalf Vegan Tantuni ( Glutensiz ) ( 500 Gr. ),469.50
Veganarsist Kızılay,,cafe,https://veganarsist.com,woo,"Özel Lezzetler, Paket Ürünleri",Balina Mehmet&#8217;s Vegan Lahmacun ( Adet ),126.00
Veganarsist Kızılay,,cafe,https://veganarsist.com,woo,"İçecekler, Paket Ürünleri",Kajran ( Kajudan Vegan Ayran ) ( Kuru Naneli ) ( 25 cl ) ( Cam Şişe ),145.00
Veganarsist Kızılay,,cafe,https://veganarsist.com,woo,"Köfteler, Paket Ürünleri",Nev&#8217;in Vegan Anne Burger Köftesi ( Glutensiz ) ( Adet ),69.00
Veganarsist Kızılay,,cafe,https://veganarsist.com,woo,"Köfteler, Paket Ürünleri",Thor&#8217;s Vegan Top Köfte ( Glutensiz ) ( 500 Gr. ),474.00
Veganarsist Kızılay,,cafe,https://veganarsist.com,woo,"Kuru Gıda, Paket Ürünleri",Soya Kıyması ( Karamel ) ( Vegan ) ( Glutensiz )( 250 Gr. ),84.50
Veganarsist Kızılay,,cafe,https://veganarsist.com,woo,"Kuru Gıda, Paket Ürünleri",Soya Küpü ( Karamel ) ( Vegan ) ( Glutensiz ) ( 250 Gr. ),100.00
Veganarsist Kızılay,,cafe,https://veganarsist.com,woo,"Kuru Gıda, Paket Ürünleri",Vegan Ev Tarhanası ( 250 Gr ),112.50
Veganarsist Kızılay,,cafe,https://veganarsist.com,woo,"5. Levent Şube, Bahçelievler Şube",Tuzlu Vegan Kurabiye (2 Adet),27.00
Veganarsist Kızılay,,cafe,https://veganarsist.com,woo,"5. Levent Şube, Bahçelievler Şube",Limos Vegan Köz Biberli Köz Patlıcan Çorbası ( Glutensiz ),88.00
Çukurağa Sofrası,,restaurant,http://cukuraga.com.tr,html,,ADANA KEBAP =,740.00
Çukurağa Sofrası,,restaurant,http://cukuraga.com.tr,html,,YAPRAK KEBAP =,850.00
Çukurağa Sofrası,,restaurant,http://cukuraga.com.tr,html,,ÇÖP ŞİŞ =,850.00
Çukurağa Sofrası,,restaurant,http://cukuraga.com.tr,html,,MENEKŞE KEBAP =,700.00
Çukurağa Sofrası,,restaurant,http://cukuraga.com.tr,html,,CİĞER ŞİŞ =,850.00
Çukurağa Sofrası,,restaurant,http://cukuraga.com.tr,html,,TAVUK ŞİŞ =,680.00
Çukurağa Sofrası,,restaurant,http://cukuraga.com.tr,html,,SEBZELİ KEBAP =,750.00
Çukurağa Sofrası,,restaurant,http://cukuraga.com.tr,html,,ÇUKURAĞA SPECIAL =,1.35
Çukurağa Sofrası,,restaurant,http://cukuraga.com.tr,html,,HAŞ HAŞ KEBAP =,750.00
Çukurağa Sofrası,,restaurant,http://cukuraga.com.tr,html,,TAVUK KANAT =,680.00
Çukurağa Sofrası,,restaurant,http://cukuraga.com.tr,html,,KARIŞIK IZGARA =,1.35
Çukurağa Sofrası,,restaurant,http://cukuraga.com.tr,html,,YOĞURTLU ADANA =,800.00
Çukurağa Sofrası,,restaurant,http://cukuraga.com.tr,html,,BEYTİ =,800.00
Çukurağa Sofrası,,restaurant,http://cukuraga.com.tr,html,,DOMATESLİ KEBAP =,850.00
Çukurağa Sofrası,,restaurant,http://cukuraga.com.tr,html,,SOĞANLI KEBAP =,850.00
Çukurağa Sofrası,,restaurant,http://cukuraga.com.tr,html,,ADANA DÜRÜM =,740.00
Çukurağa Sofrası,,restaurant,http://cukuraga.com.tr,html,,PATLICANLI KEBAP =,850.00
Çukurağa Sofrası,,restaurant,http://cukuraga.com.tr,html,,ALİ NAZİK KEBAP =,830.00
Çukurağa Sofrası,,restaurant,http://cukuraga.com.tr,html,,ALİ NAZİK ŞİŞ =,880.00
Çukurağa Sofrası,,restaurant,http://cukuraga.com.tr,html,,MENEKŞE BEYTİ =,750.00
Çukurağa Sofrası,,restaurant,http://cukuraga.com.tr,html,,DÖNER =,720.00
Çukurağa Sofrası,,restaurant,http://cukuraga.com.tr,html,,2 KİŞİLİK KARIŞIK KEBAP =,2.50
Çukurağa Sofrası,,restaurant,http://cukuraga.com.tr,html,,3 KİŞİLİK KARIŞIK KEBAP =,3.75
Çukurağa Sofrası,,restaurant,http://cukuraga.com.tr,html,,4 KİŞİLİK KARIŞIK KEBAP =,5.00
Çukurağa Sofrası,,restaurant,http://cukuraga.com.tr,html,,KUZU SIRT =,990.00
Çukurağa Sofrası,,restaurant,http://cukuraga.com.tr,html,,LOKUM =,990.00
Çukurağa Sofrası,,restaurant,http://cukuraga.com.tr,html,,İÇLİ KÖFTE =,140.00
Çukurağa Sofrası,,restaurant,http://cukuraga.com.tr,html,,ÇORBA =,250.00
