mekan_id,il,mekan_ad,adres,yazar,lisans,kaynak_bag
node/5014570422,01,Adana Müzesi,https://upload.wikimedia.org/wikipedia/commons/thumb/b/b1/Adana_Museum_Complex_entrance.png/1280px-Adana_Museum_Complex_entrance.png?utm_source=commons.wikimedia.org&utm_campaign=imageinfo&utm_content=thumbnail,Basak,CC BY-SA 4.0,https://commons.wikimedia.org/wiki/File:Adana_Museum_Complex_entrance.png
relation/15552863,02,Adıyaman Müzesi,https://upload.wikimedia.org/wikipedia/commons/thumb/b/b2/Museum_Ad%C4%B1yaman_Au%C3%9Fenansicht.jpg/1280px-Museum_Ad%C4%B1yaman_Au%C3%9Fenansicht.jpg?utm_source=commons.wikimedia.org&utm_campaign=imageinfo&utm_content=thumbnail,Ingeborg Simon,CC BY-SA 3.0,https://commons.wikimedia.org/wiki/File:Museum_Ad%C4%B1yaman_Au%C3%9Fenansicht.jpg
way/310906811,03,Zafer Müzesi,https://upload.wikimedia.org/wikipedia/commons/thumb/1/17/VictoryMuseumAfyonkarahsar.JPG/1280px-VictoryMuseumAfyonkarahsar.JPG?utm_source=commons.wikimedia.org&utm_campaign=imageinfo&utm_content=thumbnail,CeeGee,CC BY-SA 4.0,https://commons.wikimedia.org/wiki/File:VictoryMuseumAfyonkarahsar.JPG
way/1370713107,03,Afyonkarahisar Müzesi,https://upload.wikimedia.org/wikipedia/commons/thumb/a/a4/Museum_Afyonkarahisar_01.jpg/1280px-Museum_Afyonkarahisar_01.jpg?utm_source=commons.wikimedia.org&utm_campaign=imageinfo&utm_content=thumbnail,Ingeborg Simon,CC BY-SA 3.0,https://commons.wikimedia.org/wiki/File:Museum_Afyonkarahisar_01.jpg
way/183310100,09,Milet Müzesi,https://upload.wikimedia.org/wikipedia/commons/thumb/3/3c/Miletus_Museum%2C_Turkey_%2853331495269%29.jpg/1280px-Miletus_Museum%2C_Turkey_%2853331495269%29.jpg?utm_source=commons.wikimedia.org&utm_campaign=imageinfo&utm_content=thumbnail,"Carole Raddato from FRANKFURT, Germany",CC BY-SA 2.0,"https://commons.wikimedia.org/wiki/File:Miletus_Museum,_Turkey_(53331495269).jpg"
way/517638951,09,Aydın Arkeoloji Müzesi,https://upload.wikimedia.org/wikipedia/commons/thumb/f/f9/Ayd%C4%B1nArchaeologicalMuseum_%281%29.JPG/1280px-Ayd%C4%B1nArchaeologicalMuseum_%281%29.JPG?utm_source=commons.wikimedia.org&utm_campaign=imageinfo&utm_content=thumbnail,CeeGee,CC BY-SA 4.0,https://commons.wikimedia.org/wiki/File:Ayd%C4%B1nArchaeologicalMuseum_(1).JPG
way/232389727,10,Balıkesir Kuvâ-yi Milliye Müzesi,https://upload.wikimedia.org/wikipedia/commons/thumb/0/0e/Bal%C4%B1kesir_Museum.JPG/1280px-Bal%C4%B1kesir_Museum.JPG?utm_source=commons.wikimedia.org&utm_campaign=imageinfo&utm_content=thumbnail,Ollios,CC BY-SA 3.0,https://commons.wikimedia.org/wiki/File:Bal%C4%B1kesir_Museum.JPG
way/547814870,10,Kuvayi Milliye Kültür Müzesi,https://upload.wikimedia.org/wikipedia/commons/0/0f/Burhaniye_KuvayiMilliye_M%C3%BCzesi.jpg?utm_source=commons.wikimedia.org&utm_campaign=imageinfo&utm_content=thumbnail_unscaled,Sabri76,Public domain,https://commons.wikimedia.org/wiki/File:Burhaniye_KuvayiMilliye_M%C3%BCzesi.jpg
way/1111718273,10,Bandırma Arkeoloji Müzesi,https://upload.wikimedia.org/wikipedia/commons/thumb/0/05/Band%C4%B1rma_M%C3%BCzesi%27nde_bir_lahit.jpg/1280px-Band%C4%B1rma_M%C3%BCzesi%27nde_bir_lahit.jpg?utm_source=commons.wikimedia.org&utm_campaign=imageinfo&utm_content=thumbnail,Kırmızı,CC BY-SA 4.0,https://commons.wikimedia.org/wiki/File:Band%C4%B1rma_M%C3%BCzesi%27nde_bir_lahit.jpg
way/396743449,11,Söğüt Ertuğrul Gazi Müzesi,https://upload.wikimedia.org/wikipedia/commons/thumb/8/82/Ertu%C4%9Frul_Gazi_M%C3%BCzesi.JPG/1280px-Ertu%C4%9Frul_Gazi_M%C3%BCzesi.JPG?utm_source=commons.wikimedia.org&utm_campaign=imageinfo&utm_content=thumbnail,Maderibeyza,CC BY-SA 3.0,https://commons.wikimedia.org/wiki/File:Ertu%C4%9Frul_Gazi_M%C3%BCzesi.JPG
way/598840585,14,Bolu İl Müzesi,https://upload.wikimedia.org/wikipedia/commons/thumb/2/2f/TR_Bolu_asv2021-10_img14_Bolu_Museum.jpg/1280px-TR_Bolu_asv2021-10_img14_Bolu_Museum.jpg?utm_source=commons.wikimedia.org&utm_campaign=imageinfo&utm_content=thumbnail,A.Savin,FAL,https://commons.wikimedia.org/wiki/File:TR_Bolu_asv2021-10_img14_Bolu_Museum.jpg
way/1195605141,15,Burdur Muzesi,https://upload.wikimedia.org/wikipedia/commons/thumb/f/fd/Museum_Burdur_01.jpg/1280px-Museum_Burdur_01.jpg?utm_source=commons.wikimedia.org&utm_campaign=imageinfo&utm_content=thumbnail,Ingeborg Simon,CC BY-SA 3.0,https://commons.wikimedia.org/wiki/File:Museum_Burdur_01.jpg
node/1786760093,16,Bursa Kent Müzesi,https://upload.wikimedia.org/wikipedia/commons/thumb/d/d7/ESK%C4%B0_ADL%C4%B0YE_-%C5%9EEH%C4%B0R_MUZES%C4%B0_-_panoramio.jpg/1280px-ESK%C4%B0_ADL%C4%B0YE_-%C5%9EEH%C4%B0R_MUZES%C4%B0_-_panoramio.jpg?utm_source=commons.wikimedia.org&utm_campaign=imageinfo&utm_content=thumbnail,HALUK COMERTEL,CC BY 3.0,https://commons.wikimedia.org/wiki/File:ESK%C4%B0_ADL%C4%B0YE_-%C5%9EEH%C4%B0R_MUZES%C4%B0_-_panoramio.jpg
node/2794515662,16,Atatürk Müzesi,https://upload.wikimedia.org/wikipedia/commons/thumb/9/9f/Bursa_Atat%C3%BCrk_M%C3%BCzesi.JPG/1280px-Bursa_Atat%C3%BCrk_M%C3%BCzesi.JPG?utm_source=commons.wikimedia.org&utm_campaign=imageinfo&utm_content=thumbnail,Ollios,CC BY 3.0,https://commons.wikimedia.org/wiki/File:Bursa_Atat%C3%BCrk_M%C3%BCzesi.JPG
node/2794515664,16,Bursa Arkeoloji Müzesi,https://upload.wikimedia.org/wikipedia/commons/thumb/9/9f/Bursa_Arkeoloji_M%C3%BCzesi_%283%29.jpg/1280px-Bursa_Arkeoloji_M%C3%BCzesi_%283%29.jpg?utm_source=commons.wikimedia.org&utm_campaign=imageinfo&utm_content=thumbnail,Canercangul,CC BY-SA 4.0,https://commons.wikimedia.org/wiki/File:Bursa_Arkeoloji_M%C3%BCzesi_(3).jpg
way/167271445,16,Tayyare Kültür Merkezi,https://upload.wikimedia.org/wikipedia/commons/thumb/5/59/Tayyare_K%C3%BClt%C3%BCr_Merkezi_Bursa_2023.jpg/1280px-Tayyare_K%C3%BClt%C3%BCr_Merkezi_Bursa_2023.jpg?utm_source=commons.wikimedia.org&utm_campaign=imageinfo&utm_content=thumbnail,Basak,CC BY-SA 4.0,https://commons.wikimedia.org/wiki/File:Tayyare_K%C3%BClt%C3%BCr_Merkezi_Bursa_2023.jpg
way/463271712,16,Mudanya Mütareke Evi,https://upload.wikimedia.org/wikipedia/commons/b/b1/MudanyaM%C3%BCtareke2016.jpg?utm_source=commons.wikimedia.org&utm_campaign=imageinfo&utm_content=thumbnail_unscaled,Udoweier,CC BY-SA 4.0,https://commons.wikimedia.org/wiki/File:MudanyaM%C3%BCtareke2016.jpg
way/1148944018,16,Panorama 1326,https://upload.wikimedia.org/wikipedia/commons/thumb/5/53/Bursa_Panorama_1326_Bursa_Conquest_Museum_2018_0039.jpg/1280px-Bursa_Panorama_1326_Bursa_Conquest_Museum_2018_0039.jpg?utm_source=commons.wikimedia.org&utm_campaign=imageinfo&utm_content=thumbnail,Dosseman,CC BY-SA 4.0,https://commons.wikimedia.org/wiki/File:Bursa_Panorama_1326_Bursa_Conquest_Museum_2018_0039.jpg
way/1271253817,16,İznik Müzesi,https://upload.wikimedia.org/wikipedia/commons/thumb/b/b5/%C4%B0znik_M%C3%BCzesi_20231030.jpg/1280px-%C4%B0znik_M%C3%BCzesi_20231030.jpg?utm_source=commons.wikimedia.org&utm_campaign=imageinfo&utm_content=thumbnail,Basak,CC BY-SA 4.0,https://commons.wikimedia.org/wiki/File:%C4%B0znik_M%C3%BCzesi_20231030.jpg
way/478361435,17,Smintheion,https://upload.wikimedia.org/wikipedia/commons/thumb/c/ce/Smintheion_2025-08-30_16-18-29.jpg/1280px-Smintheion_2025-08-30_16-18-29.jpg?utm_source=commons.wikimedia.org&utm_campaign=imageinfo&utm_content=thumbnail,Özgür Arda BAYRAM,CC BY-SA 4.0,https://commons.wikimedia.org/wiki/File:Smintheion_2025-08-30_16-18-29.jpg
way/1033194996,17,Troya Müzesi,https://upload.wikimedia.org/wikipedia/commons/thumb/6/6c/Museum_of_Troy_%2853022400001%29.jpg/1280px-Museum_of_Troy_%2853022400001%29.jpg?utm_source=commons.wikimedia.org&utm_campaign=imageinfo&utm_content=thumbnail,"Troya Müzesi from Çanakkale, Türkiye",CC BY-SA 2.0,https://commons.wikimedia.org/wiki/File:Museum_of_Troy_(53022400001).jpg
way/303662236,18,Çankırı Müzesi,https://upload.wikimedia.org/wikipedia/commons/thumb/0/07/%C3%87ank%C4%B1r%C4%B1_M%C3%BCzesi.jpg/1280px-%C3%87ank%C4%B1r%C4%B1_M%C3%BCzesi.jpg?utm_source=commons.wikimedia.org&utm_campaign=imageinfo&utm_content=thumbnail,Cobija,CC BY-SA 4.0,https://commons.wikimedia.org/wiki/File:%C3%87ank%C4%B1r%C4%B1_M%C3%BCzesi.jpg
node/1461173905,19,Alacahöyük Müzesi,https://upload.wikimedia.org/wikipedia/commons/thumb/3/33/Alacah%C3%B6y%C3%BCk_Museum_01.jpg/1280px-Alacah%C3%B6y%C3%BCk_Museum_01.jpg?utm_source=commons.wikimedia.org&utm_campaign=imageinfo&utm_content=thumbnail,Ingeborg Simon,CC BY-SA 3.0,https://commons.wikimedia.org/wiki/File:Alacah%C3%B6y%C3%BCk_Museum_01.jpg
way/100647354,19,Çorum Müzesi,https://upload.wikimedia.org/wikipedia/commons/thumb/5/52/CorumMuseum1.jpg/1280px-CorumMuseum1.jpg?utm_source=commons.wikimedia.org&utm_campaign=imageinfo&utm_content=thumbnail,Klaus-Peter Simon,CC BY-SA 3.0,https://commons.wikimedia.org/wiki/File:CorumMuseum1.jpg
node/6898284690,21,Gazi Köşkü,https://upload.wikimedia.org/wikipedia/commons/thumb/4/4c/Gazi_Pavillion.jpg/1280px-Gazi_Pavillion.jpg?utm_source=commons.wikimedia.org&utm_campaign=imageinfo&utm_content=thumbnail,Cemallamec,CC BY-SA 3.0,https://commons.wikimedia.org/wiki/File:Gazi_Pavillion.jpg
node/8250864317,21,Cahit Sıtkı Tarancı Müzesi,https://upload.wikimedia.org/wikipedia/commons/5/5f/Cahit_S%C4%B1tk%C4%B1_Taranc%C4%B1_Museum.jpg?utm_source=commons.wikimedia.org&utm_campaign=imageinfo&utm_content=thumbnail_unscaled,User:Hedda Gabler (usurped),CC BY-SA 3.0,https://commons.wikimedia.org/wiki/File:Cahit_S%C4%B1tk%C4%B1_Taranc%C4%B1_Museum.jpg
node/8836322687,21,Arkeoloji Müzesi,https://upload.wikimedia.org/wikipedia/commons/thumb/8/82/Diyarbak%C4%B1rArkeolojiM%C3%BCzesi3.jpg/1280px-Diyarbak%C4%B1rArkeolojiM%C3%BCzesi3.jpg?utm_source=commons.wikimedia.org&utm_campaign=imageinfo&utm_content=thumbnail,Chansey,CC BY-SA 4.0,https://commons.wikimedia.org/wiki/File:Diyarbak%C4%B1rArkeolojiM%C3%BCzesi3.jpg
node/2181137651,22,Edirne Müzesi,https://upload.wikimedia.org/wikipedia/commons/thumb/8/81/Gravestones-and-museum-at-Selimiye-Mosque.jpg/1280px-Gravestones-and-museum-at-Selimiye-Mosque.jpg?utm_source=commons.wikimedia.org&utm_campaign=imageinfo&utm_content=thumbnail,Edal Anton Lefterov,CC BY-SA 3.0,https://commons.wikimedia.org/wiki/File:Gravestones-and-museum-at-Selimiye-Mosque.jpg
node/11716355894,22,Sultan II.Beyazıd Külliyesi ve Sağlık Müzesi,https://upload.wikimedia.org/wikipedia/commons/f/ff/Edirne_7349_Nevit.JPG?utm_source=commons.wikimedia.org&utm_campaign=imageinfo&utm_content=thumbnail_unscaled,Nevit Dilmen,CC BY-SA 3.0,https://commons.wikimedia.org/wiki/File:Edirne_7349_Nevit.JPG
way/745995507,22,İlhan Koman Resim ve Heykel Müzesi,https://upload.wikimedia.org/wikipedia/commons/thumb/c/cf/Karaa%C4%9Fa%C3%A7_Tren_%C4%B0stasyonu%2C_Trakya_%C3%9Cniversitesi_Karaa%C4%9Fa%C3%A7_Yerle%C5%9Fkesi_2015-1.jpg/1280px-Karaa%C4%9Fa%C3%A7_Tren_%C4%B0stasyonu%2C_Trakya_%C3%9Cniversitesi_Karaa%C4%9Fa%C3%A7_Yerle%C5%9Fkesi_2015-1.jpg?utm_source=commons.wikimedia.org&utm_campaign=imageinfo&utm_content=thumbnail,Hamdigumus,CC0,"https://commons.wikimedia.org/wiki/File:Karaa%C4%9Fa%C3%A7_Tren_%C4%B0stasyonu,_Trakya_%C3%9Cniversitesi_Karaa%C4%9Fa%C3%A7_Yerle%C5%9Fkesi_2015-1.jpg"
way/1042989946,25,Yakutiye Medresesi,https://upload.wikimedia.org/wikipedia/commons/thumb/5/52/Erzurum%2C_madrasa_yakutiye%2C_1310%2C_esterno_01.jpg/1280px-Erzurum%2C_madrasa_yakutiye%2C_1310%2C_esterno_01.jpg?utm_source=commons.wikimedia.org&utm_campaign=imageinfo&utm_content=thumbnail,Francesco Bini,CC BY-SA 4.0,"https://commons.wikimedia.org/wiki/File:Erzurum,_madrasa_yakutiye,_1310,_esterno_01.jpg"
way/1112955574,25,Erzurum Muzesi,https://upload.wikimedia.org/wikipedia/commons/thumb/a/a8/Eruzum_Arkeoloji_M%C3%BCzesi_-_Archaeological_Museum_of_Erzurum_01.jpg/1280px-Eruzum_Arkeoloji_M%C3%BCzesi_-_Archaeological_Museum_of_Erzurum_01.jpg?utm_source=commons.wikimedia.org&utm_campaign=imageinfo&utm_content=thumbnail,Zeynel Cebeci,CC BY-SA 4.0,https://commons.wikimedia.org/wiki/File:Eruzum_Arkeoloji_M%C3%BCzesi_-_Archaeological_Museum_of_Erzurum_01.jpg
node/2397678980,26,Çağdaş Cam Sanatları Müzesi,https://upload.wikimedia.org/wikipedia/commons/thumb/e/ef/Camsanatlarimuzesi.jpg/1280px-Camsanatlarimuzesi.jpg?utm_source=commons.wikimedia.org&utm_campaign=imageinfo&utm_content=thumbnail,Honacan at Turkish Wikipedia,CC BY-SA 3.0,https://commons.wikimedia.org/wiki/File:Camsanatlarimuzesi.jpg
node/5249905624,26,Kurtuluş Müzesi,https://upload.wikimedia.org/wikipedia/commons/thumb/6/62/Eski%C5%9Fehir_Museum_of_Independence_building.jpg/1280px-Eski%C5%9Fehir_Museum_of_Independence_building.jpg?utm_source=commons.wikimedia.org&utm_campaign=imageinfo&utm_content=thumbnail,Nedim Ardoğa,CC BY-SA 4.0,https://commons.wikimedia.org/wiki/File:Eski%C5%9Fehir_Museum_of_Independence_building.jpg
way/607133244,26,Eskişehir Hayvanat Bahçesi,https://upload.wikimedia.org/wikipedia/commons/thumb/a/af/Eskisehir_hayvanat_bahcesi.JPG/1280px-Eskisehir_hayvanat_bahcesi.JPG?utm_source=commons.wikimedia.org&utm_campaign=imageinfo&utm_content=thumbnail,Honacan,CC BY-SA 3.0,https://commons.wikimedia.org/wiki/File:Eskisehir_hayvanat_bahcesi.JPG
way/1061164226,26,Hamam Müzesi,https://upload.wikimedia.org/wikipedia/commons/thumb/d/de/Eski%C5%9Fehir_Hamam%C4%B1_M%C3%BCzesi.jpg/1280px-Eski%C5%9Fehir_Hamam%C4%B1_M%C3%BCzesi.jpg?utm_source=commons.wikimedia.org&utm_campaign=imageinfo&utm_content=thumbnail,Ozlmktv,CC BY-SA 4.0,https://commons.wikimedia.org/wiki/File:Eski%C5%9Fehir_Hamam%C4%B1_M%C3%BCzesi.jpg
way/174944218,27,Yesemek Açıkhava Heykel Atölyesi,https://upload.wikimedia.org/wikipedia/commons/thumb/b/b5/YesemekStreitwagen.jpg/1280px-YesemekStreitwagen.jpg?utm_source=commons.wikimedia.org&utm_campaign=imageinfo&utm_content=thumbnail,Klaus-Peter Simon,CC BY 3.0,https://commons.wikimedia.org/wiki/File:YesemekStreitwagen.jpg
way/322631331,27,Zeugma Mozaik Müzesi,https://upload.wikimedia.org/wikipedia/commons/thumb/6/6e/Zeugma_museum.jpg/1280px-Zeugma_museum.jpg?utm_source=commons.wikimedia.org&utm_campaign=imageinfo&utm_content=thumbnail,atomsaskal,CC BY-SA 3.0,https://commons.wikimedia.org/wiki/File:Zeugma_museum.jpg
way/348176970,27,Gaziantep Hayvanat Bahçesi,https://upload.wikimedia.org/wikipedia/commons/b/b0/Gaziantep_zoo.jpg?utm_source=commons.wikimedia.org&utm_campaign=imageinfo&utm_content=thumbnail_unscaled,Kanliercan,CC0,https://commons.wikimedia.org/wiki/File:Gaziantep_zoo.jpg
way/1047087214,27,Gaziantep Oyun ve Oyuncak Müzesi,https://upload.wikimedia.org/wikipedia/commons/thumb/f/fd/Gaziantep_Toy_Museum_Building_in_2014_2883.jpg/1280px-Gaziantep_Toy_Museum_Building_in_2014_2883.jpg?utm_source=commons.wikimedia.org&utm_campaign=imageinfo&utm_content=thumbnail,Dosseman,CC BY-SA 4.0,https://commons.wikimedia.org/wiki/File:Gaziantep_Toy_Museum_Building_in_2014_2883.jpg
way/1146112786,27,Gaziantep Atatürk Anı Müzesi,https://upload.wikimedia.org/wikipedia/commons/thumb/7/7c/Gaziantep_Atat%C3%BCrk_M%C3%BCzesi_2878.jpg/1280px-Gaziantep_Atat%C3%BCrk_M%C3%BCzesi_2878.jpg?utm_source=commons.wikimedia.org&utm_campaign=imageinfo&utm_content=thumbnail,Dosseman,CC BY-SA 4.0,https://commons.wikimedia.org/wiki/File:Gaziantep_Atat%C3%BCrk_M%C3%BCzesi_2878.jpg
relation/8263842,27,Hamam Müzesi,https://upload.wikimedia.org/wikipedia/commons/thumb/0/02/Gaziantep_Hamam_museum_4482.jpg/1280px-Gaziantep_Hamam_museum_4482.jpg?utm_source=commons.wikimedia.org&utm_campaign=imageinfo&utm_content=thumbnail,Dosseman,CC BY-SA 4.0,https://commons.wikimedia.org/wiki/File:Gaziantep_Hamam_museum_4482.jpg
way/1218266237,32,Yalvaç Müzesi,https://upload.wikimedia.org/wikipedia/commons/3/31/Yalva%C3%A7_M%C3%BCzesi.jpg?utm_source=commons.wikimedia.org&utm_campaign=imageinfo&utm_content=thumbnail_unscaled,Maderibeyza at Turkish Wikipedia,CC BY-SA 3.0,https://commons.wikimedia.org/wiki/File:Yalva%C3%A7_M%C3%BCzesi.jpg
node/1926010966,33,Silifke Müzesi,https://upload.wikimedia.org/wikipedia/commons/thumb/6/6d/Silifke_Museum.JPG/1280px-Silifke_Museum.JPG?utm_source=commons.wikimedia.org&utm_campaign=imageinfo&utm_content=thumbnail,Nedim Ardoğa,CC BY-SA 3.0,https://commons.wikimedia.org/wiki/File:Silifke_Museum.JPG
node/8315417318,33,Kent Tarihi Müzesi,https://upload.wikimedia.org/wikipedia/commons/thumb/f/f7/Mersin_Urban_History_Museum_II%2C_Turkey.jpg/1280px-Mersin_Urban_History_Museum_II%2C_Turkey.jpg?utm_source=commons.wikimedia.org&utm_campaign=imageinfo&utm_content=thumbnail,Nedim Ardoğa,CC BY-SA 4.0,"https://commons.wikimedia.org/wiki/File:Mersin_Urban_History_Museum_II,_Turkey.jpg"
node/13202607298,33,Taşucu Aslan Eyce Amfora Müzesi,https://upload.wikimedia.org/wikipedia/commons/thumb/a/a2/Arslan_Eyce_%C3%96zel_Amphora_M%C3%BCzesi.jpg/1280px-Arslan_Eyce_%C3%96zel_Amphora_M%C3%BCzesi.jpg?utm_source=commons.wikimedia.org&utm_campaign=imageinfo&utm_content=thumbnail,Cobija,CC BY-SA 4.0,https://commons.wikimedia.org/wiki/File:Arslan_Eyce_%C3%96zel_Amphora_M%C3%BCzesi.jpg
way/309924610,33,Mersin Kongre ve Sergi Sarayı,https://upload.wikimedia.org/wikipedia/commons/1/10/Mersin_Congress_and_Exhibition_Center.jpg?utm_source=commons.wikimedia.org&utm_campaign=imageinfo&utm_content=thumbnail_unscaled,Nedim Ardoğa,CC BY-SA 3.0,https://commons.wikimedia.org/wiki/File:Mersin_Congress_and_Exhibition_Center.jpg
way/830804707,33,Mersin Arkeoloji Müzesi,https://upload.wikimedia.org/wikipedia/commons/thumb/4/48/Mersin_Archaeological_Museum.jpg/1280px-Mersin_Archaeological_Museum.jpg?utm_source=commons.wikimedia.org&utm_campaign=imageinfo&utm_content=thumbnail,Nedim Ardoğa,CC BY-SA 4.0,https://commons.wikimedia.org/wiki/File:Mersin_Archaeological_Museum.jpg
way/830804708,33,Mersin Deniz Müzesi,https://upload.wikimedia.org/wikipedia/commons/thumb/1/19/Mersin_Naval_Museum%2C_Turkey.jpg/1280px-Mersin_Naval_Museum%2C_Turkey.jpg?utm_source=commons.wikimedia.org&utm_campaign=imageinfo&utm_content=thumbnail,Nedim Ardoğa,CC BY-SA 3.0,"https://commons.wikimedia.org/wiki/File:Mersin_Naval_Museum,_Turkey.jpg"
way/1005778353,33,Narlıkuyu Mozaik Müzesi,https://upload.wikimedia.org/wikipedia/commons/thumb/e/e4/Narl%C4%B1kuyu_Mozaik_M%C3%BCzesi.jpg/1280px-Narl%C4%B1kuyu_Mozaik_M%C3%BCzesi.jpg?utm_source=commons.wikimedia.org&utm_campaign=imageinfo&utm_content=thumbnail,Cobija,CC BY-SA 4.0,https://commons.wikimedia.org/wiki/File:Narl%C4%B1kuyu_Mozaik_M%C3%BCzesi.jpg
relation/5311706,33,Tarsus Müzesi,https://upload.wikimedia.org/wikipedia/commons/thumb/d/d8/Tarsus75thAnniversaryCulturalCenter_%282%29.JPG/1280px-Tarsus75thAnniversaryCulturalCenter_%282%29.JPG?utm_source=commons.wikimedia.org&utm_campaign=imageinfo&utm_content=thumbnail,CeeGee,CC BY-SA 4.0,https://commons.wikimedia.org/wiki/File:Tarsus75thAnniversaryCulturalCenter_(2).JPG
node/554083364,34,Sabancı Üniversitesi Sakıp Sabancı Müzesi,https://upload.wikimedia.org/wikipedia/commons/thumb/5/56/Dali-at-Sabanci-museum.jpg/1280px-Dali-at-Sabanci-museum.jpg?utm_source=commons.wikimedia.org&utm_campaign=imageinfo&utm_content=thumbnail,Edal Anton Lefterov,CC BY-SA 3.0,https://commons.wikimedia.org/wiki/File:Dali-at-Sabanci-museum.jpg
node/1346157990,34,Askerî Müze,https://upload.wikimedia.org/wikipedia/commons/thumb/f/ff/Askeri_M%C3%BCze_970.jpg/1280px-Askeri_M%C3%BCze_970.jpg?utm_source=commons.wikimedia.org&utm_campaign=imageinfo&utm_content=thumbnail,RHaworth,CC BY-SA 4.0,https://commons.wikimedia.org/wiki/File:Askeri_M%C3%BCze_970.jpg
node/1352425761,34,Miniatürk Açıkhava Müzesi,https://upload.wikimedia.org/wikipedia/commons/thumb/7/7e/Mardin_stone_houses_02148.jpg/1280px-Mardin_stone_houses_02148.jpg?utm_source=commons.wikimedia.org&utm_campaign=imageinfo&utm_content=thumbnail,Nevit Dilmen,CC BY-SA 3.0,https://commons.wikimedia.org/wiki/File:Mardin_stone_houses_02148.jpg
node/2472730735,34,Binbirdirek Sarnıcı,https://upload.wikimedia.org/wikipedia/commons/thumb/c/c0/Cistern_of_Philoxenos.JPG/1280px-Cistern_of_Philoxenos.JPG?utm_source=commons.wikimedia.org&utm_campaign=imageinfo&utm_content=thumbnail,Bollweevil,CC BY-SA 3.0,https://commons.wikimedia.org/wiki/File:Cistern_of_Philoxenos.JPG
node/3194787808,34,Ismet Baba,https://upload.wikimedia.org/wikipedia/commons/thumb/2/2e/%C4%B0smet_Baba_Bal%C4%B1k_Restaurant_giri%C5%9Fi.jpg/1280px-%C4%B0smet_Baba_Bal%C4%B1k_Restaurant_giri%C5%9Fi.jpg?utm_source=commons.wikimedia.org&utm_campaign=imageinfo&utm_content=thumbnail,Oxorca,CC BY-SA 4.0,https://commons.wikimedia.org/wiki/File:%C4%B0smet_Baba_Bal%C4%B1k_Restaurant_giri%C5%9Fi.jpg
node/3254468506,34,Adam Mickiewicz Müzesi,https://upload.wikimedia.org/wikipedia/commons/thumb/2/28/Mus%C3%A9e_Adam_Mickiewicz_%C3%A0_Istanbul.jpg/1280px-Mus%C3%A9e_Adam_Mickiewicz_%C3%A0_Istanbul.jpg?utm_source=commons.wikimedia.org&utm_campaign=imageinfo&utm_content=thumbnail,Henri Musielak,CC BY 3.0,https://commons.wikimedia.org/wiki/File:Mus%C3%A9e_Adam_Mickiewicz_%C3%A0_Istanbul.jpg
node/3279398393,34,Masumiyet Müzesi,https://upload.wikimedia.org/wikipedia/commons/thumb/2/23/The_Museum_of_Innocence.jpg/1280px-The_Museum_of_Innocence.jpg?utm_source=commons.wikimedia.org&utm_campaign=imageinfo&utm_content=thumbnail,Fuzheado (talk),CC BY-SA 3.0,https://commons.wikimedia.org/wiki/File:The_Museum_of_Innocence.jpg
node/3386270532,34,Galatasaray Müzesi,https://upload.wikimedia.org/wikipedia/commons/e/ec/Galatasaray_Museum.JPG?utm_source=commons.wikimedia.org&utm_campaign=imageinfo&utm_content=thumbnail_unscaled,Sultaniman (talk),Public domain,https://commons.wikimedia.org/wiki/File:Galatasaray_Museum.JPG
node/4095829232,34,Savoy,https://upload.wikimedia.org/wikipedia/commons/thumb/3/31/Savoy_Pastanesi.jpg/1280px-Savoy_Pastanesi.jpg?utm_source=commons.wikimedia.org&utm_campaign=imageinfo&utm_content=thumbnail,Vano111ru,CC BY-SA 4.0,https://commons.wikimedia.org/wiki/File:Savoy_Pastanesi.jpg
node/4833359922,34,Baba Sahne,https://upload.wikimedia.org/wikipedia/commons/thumb/9/96/Baba_Sahne_20220619_%28cropped%29.jpg/1280px-Baba_Sahne_20220619_%28cropped%29.jpg?utm_source=commons.wikimedia.org&utm_campaign=imageinfo&utm_content=thumbnail,Basak,CC BY-SA 4.0,https://commons.wikimedia.org/wiki/File:Baba_Sahne_20220619_(cropped).jpg
node/4889959434,34,Dogançay Müzesi,https://upload.wikimedia.org/wikipedia/commons/thumb/f/f8/Dogancay_Museum.JPG/1280px-Dogancay_Museum.JPG?utm_source=commons.wikimedia.org&utm_campaign=imageinfo&utm_content=thumbnail,TurkArtWriting,CC BY-SA 4.0,https://commons.wikimedia.org/wiki/File:Dogancay_Museum.JPG
node/5081442512,34,Rezan Has Museum,https://upload.wikimedia.org/wikipedia/commons/thumb/7/7d/ESERLER.jpg/1280px-ESERLER.jpg?utm_source=commons.wikimedia.org&utm_campaign=imageinfo&utm_content=thumbnail,CanKhas0,CC BY-SA 4.0,https://commons.wikimedia.org/wiki/File:ESERLER.jpg
node/5108828680,34,İstanbul Demiryolu Müzesi,https://upload.wikimedia.org/wikipedia/commons/thumb/c/c8/Istanbul_asv2020-02_img12_Sirkeci_Terminal.jpg/1280px-Istanbul_asv2020-02_img12_Sirkeci_Terminal.jpg?utm_source=commons.wikimedia.org&utm_campaign=imageinfo&utm_content=thumbnail,A.Savin,FAL,https://commons.wikimedia.org/wiki/File:Istanbul_asv2020-02_img12_Sirkeci_Terminal.jpg
node/5112732265,34,Beyazıt Türk Hamam Kültürü Müzesi,https://upload.wikimedia.org/wikipedia/commons/thumb/7/7d/Beyazit_hammam_DSCF6006.jpg/1280px-Beyazit_hammam_DSCF6006.jpg?utm_source=commons.wikimedia.org&utm_campaign=imageinfo&utm_content=thumbnail,R Prazeres,CC BY-SA 4.0,https://commons.wikimedia.org/wiki/File:Beyazit_hammam_DSCF6006.jpg
node/5113500256,34,Türk ve İslam Eserleri Müzesi,https://upload.wikimedia.org/wikipedia/commons/c/c0/Turkish_and_Islamic_Arts_Museum_01.jpg?utm_source=commons.wikimedia.org&utm_campaign=imageinfo&utm_content=thumbnail_unscaled,Chapultepec,Public domain,https://commons.wikimedia.org/wiki/File:Turkish_and_Islamic_Arts_Museum_01.jpg
node/5113620695,34,İslam bilim ve teknoloji tarihi müzesi,https://upload.wikimedia.org/wikipedia/commons/9/9a/Istanbul_Museum_of_The_History_of_Science_and_Technology_in_Islam.jpg?utm_source=commons.wikimedia.org&utm_campaign=imageinfo&utm_content=thumbnail_unscaled,Tom Worthington,CC BY 3.0,https://commons.wikimedia.org/wiki/File:Istanbul_Museum_of_The_History_of_Science_and_Technology_in_Islam.jpg
node/5209904925,34,Abdulmecit Efendi Köşkü,https://upload.wikimedia.org/wikipedia/commons/thumb/f/fe/Abd%C3%BClmecid_Efendi_K%C3%B6%C5%9Fk%C3%BC%2C_20231019.jpg/1280px-Abd%C3%BClmecid_Efendi_K%C3%B6%C5%9Fk%C3%BC%2C_20231019.jpg?utm_source=commons.wikimedia.org&utm_campaign=imageinfo&utm_content=thumbnail,Basak,CC BY-SA 4.0,"https://commons.wikimedia.org/wiki/File:Abd%C3%BClmecid_Efendi_K%C3%B6%C5%9Fk%C3%BC,_20231019.jpg"
node/5244807623,34,Türkiye Gazeteciler Cemiyeti Basın Müzesi,https://upload.wikimedia.org/wikipedia/commons/thumb/3/37/TGCPressMediaMuseum.JPG/1280px-TGCPressMediaMuseum.JPG?utm_source=commons.wikimedia.org&utm_campaign=imageinfo&utm_content=thumbnail,CeeGee,CC BY-SA 4.0,https://commons.wikimedia.org/wiki/File:TGCPressMediaMuseum.JPG
node/5506396363,34,500. Yıl Vakfı Türk Musevileri Müzesi,https://upload.wikimedia.org/wikipedia/commons/thumb/6/66/Zulfaris_synagogue_jewish_museum_istanbul.jpg/1280px-Zulfaris_synagogue_jewish_museum_istanbul.jpg?utm_source=commons.wikimedia.org&utm_campaign=imageinfo&utm_content=thumbnail,Yusuf Pinhas,Public domain,https://commons.wikimedia.org/wiki/File:Zulfaris_synagogue_jewish_museum_istanbul.jpg
node/5640069827,34,İstanbul Modern Sanat Müzesi,https://upload.wikimedia.org/wikipedia/commons/thumb/e/ec/Outside_view_of_the_Istanbul_Modern%2C_2022.jpg/1280px-Outside_view_of_the_Istanbul_Modern%2C_2022.jpg?utm_source=commons.wikimedia.org&utm_campaign=imageinfo&utm_content=thumbnail,vlyalcin,CC BY-SA 4.0,"https://commons.wikimedia.org/wiki/File:Outside_view_of_the_Istanbul_Modern,_2022.jpg"
node/5665713222,34,Atlas,https://upload.wikimedia.org/wikipedia/commons/thumb/a/a7/Atlas_Sinemas%C4%B1%2C_%C4%B0stanbul_Sinema_M%C3%BCzesi.jpg/1280px-Atlas_Sinemas%C4%B1%2C_%C4%B0stanbul_Sinema_M%C3%BCzesi.jpg?utm_source=commons.wikimedia.org&utm_campaign=imageinfo&utm_content=thumbnail,Basak,CC0,"https://commons.wikimedia.org/wiki/File:Atlas_Sinemas%C4%B1,_%C4%B0stanbul_Sinema_M%C3%BCzesi.jpg"
node/6180706492,34,Saray Koleksiyonları Müzesi,https://upload.wikimedia.org/wikipedia/commons/thumb/9/98/Istanbul_saray_koleksiyonlar%C4%B1_m%C3%BCzesi.jpg/1280px-Istanbul_saray_koleksiyonlar%C4%B1_m%C3%BCzesi.jpg?utm_source=commons.wikimedia.org&utm_campaign=imageinfo&utm_content=thumbnail,Melike Oncu,CC BY-SA 4.0,https://commons.wikimedia.org/wiki/File:Istanbul_saray_koleksiyonlar%C4%B1_m%C3%BCzesi.jpg
node/6314755085,34,Bülent Ecevit Kültür Merkezi,https://upload.wikimedia.org/wikipedia/commons/thumb/0/00/%C4%B0BB_B%C3%BClent_Ecevit_K%C3%BClt%C3%BCr_Merkezi.jpg/1280px-%C4%B0BB_B%C3%BClent_Ecevit_K%C3%BClt%C3%BCr_Merkezi.jpg?utm_source=commons.wikimedia.org&utm_campaign=imageinfo&utm_content=thumbnail,aachim3,CC BY 3.0,https://commons.wikimedia.org/wiki/File:%C4%B0BB_B%C3%BClent_Ecevit_K%C3%BClt%C3%BCr_Merkezi.jpg
node/6525497699,34,Oyun Atölyesi,https://upload.wikimedia.org/wikipedia/commons/thumb/f/fe/Oyun_At%C3%B6lyesi.jpg/1280px-Oyun_At%C3%B6lyesi.jpg?utm_source=commons.wikimedia.org&utm_campaign=imageinfo&utm_content=thumbnail,Vano111ru,CC BY-SA 4.0,https://commons.wikimedia.org/wiki/File:Oyun_At%C3%B6lyesi.jpg
node/9217099231,34,İstanbul Üniversitesi Rıdvan Çelikel Arkeoloji Müzesi,https://upload.wikimedia.org/wikipedia/commons/thumb/1/13/%C4%B0stanbul_%C3%9Cniversitesi_R%C4%B1dvan_%C3%87elikel_Arkeoloji_M%C3%BCzesi.jpg/1280px-%C4%B0stanbul_%C3%9Cniversitesi_R%C4%B1dvan_%C3%87elikel_Arkeoloji_M%C3%BCzesi.jpg?utm_source=commons.wikimedia.org&utm_campaign=imageinfo&utm_content=thumbnail,Fatih Demirci,CC BY-SA 3.0,https://commons.wikimedia.org/wiki/File:%C4%B0stanbul_%C3%9Cniversitesi_R%C4%B1dvan_%C3%87elikel_Arkeoloji_M%C3%BCzesi.jpg
node/9698150917,34,ARTER,https://upload.wikimedia.org/wikipedia/commons/thumb/e/ec/Arter_Dolapdere.jpg/1280px-Arter_Dolapdere.jpg?utm_source=commons.wikimedia.org&utm_campaign=imageinfo&utm_content=thumbnail,Flufoto,CC BY 4.0,https://commons.wikimedia.org/wiki/File:Arter_Dolapdere.jpg
node/9967219116,34,Sait Faik Abasıyanık Museum,https://upload.wikimedia.org/wikipedia/commons/4/49/Sait_faik_burgazada.jpg?utm_source=commons.wikimedia.org&utm_campaign=imageinfo&utm_content=thumbnail_unscaled,Guzelonlu,CC BY 3.0,https://commons.wikimedia.org/wiki/File:Sait_faik_burgazada.jpg
node/9967223417,34,İsmet İnönü House Museum,https://upload.wikimedia.org/wikipedia/commons/thumb/f/f1/Adalar_6949.jpg/1280px-Adalar_6949.jpg?utm_source=commons.wikimedia.org&utm_campaign=imageinfo&utm_content=thumbnail,User:Darwinek,CC BY-SA 3.0,https://commons.wikimedia.org/wiki/File:Adalar_6949.jpg
node/10284696709,34,Topkapi Sarayı,https://upload.wikimedia.org/wikipedia/commons/thumb/a/ac/Topkapi_Palace_Seen_From_Harem.JPG/1280px-Topkapi_Palace_Seen_From_Harem.JPG?utm_source=commons.wikimedia.org&utm_campaign=imageinfo&utm_content=thumbnail,Bjørn Christian Tørrissen,CC BY-SA 3.0,https://commons.wikimedia.org/wiki/File:Topkapi_Palace_Seen_From_Harem.JPG
node/11985288314,34,Ara Güler Müzesi,https://upload.wikimedia.org/wikipedia/commons/thumb/6/6b/Ara_G%C3%BCler_Museum.jpg/1280px-Ara_G%C3%BCler_Museum.jpg?utm_source=commons.wikimedia.org&utm_campaign=imageinfo&utm_content=thumbnail,Vano111ru,CC BY 4.0,https://commons.wikimedia.org/wiki/File:Ara_G%C3%BCler_Museum.jpg
node/12395478630,34,İstanbul Robot Müzesi,https://upload.wikimedia.org/wikipedia/commons/thumb/2/2b/Robotmuseum.jpg/1280px-Robotmuseum.jpg?utm_source=commons.wikimedia.org&utm_campaign=imageinfo&utm_content=thumbnail,Cemalika,CC BY-SA 4.0,https://commons.wikimedia.org/wiki/File:Robotmuseum.jpg
way/24533505,34,Orhan Kemal Müzesi,https://upload.wikimedia.org/wikipedia/commons/thumb/b/b7/OrhanKemalMuseum_%283%29.JPG/1280px-OrhanKemalMuseum_%283%29.JPG?utm_source=commons.wikimedia.org&utm_campaign=imageinfo&utm_content=thumbnail,CeeGee,CC BY-SA 4.0,https://commons.wikimedia.org/wiki/File:OrhanKemalMuseum_(3).JPG
way/48733129,34,Maslak Kasrı,https://upload.wikimedia.org/wikipedia/commons/thumb/0/04/Maslak_Kasr%C4%B1.jpg/1280px-Maslak_Kasr%C4%B1.jpg?utm_source=commons.wikimedia.org&utm_campaign=imageinfo&utm_content=thumbnail,KalafatElif,CC BY-SA 4.0,https://commons.wikimedia.org/wiki/File:Maslak_Kasr%C4%B1.jpg
way/59595670,34,Cemal Reşit Rey Konser Salonu,https://upload.wikimedia.org/wikipedia/commons/thumb/0/09/Cemal_Re%C5%9Fit_Rey_Concert_Hall_02.jpg/1280px-Cemal_Re%C5%9Fit_Rey_Concert_Hall_02.jpg?utm_source=commons.wikimedia.org&utm_campaign=imageinfo&utm_content=thumbnail,CeeGee,CC BY-SA 3.0,https://commons.wikimedia.org/wiki/File:Cemal_Re%C5%9Fit_Rey_Concert_Hall_02.jpg
way/59595672,34,Harbiye Muhsin Ertuğrul Tiyatrosu,https://upload.wikimedia.org/wikipedia/commons/thumb/d/d6/Harbiye_Muhsin_Ertu%C4%9Frul_Stage.JPG/1280px-Harbiye_Muhsin_Ertu%C4%9Frul_Stage.JPG?utm_source=commons.wikimedia.org&utm_campaign=imageinfo&utm_content=thumbnail,CeeGee,CC BY-SA 3.0,https://commons.wikimedia.org/wiki/File:Harbiye_Muhsin_Ertu%C4%9Frul_Stage.JPG
way/61736367,34,Beylerbeyi Sarayı,https://upload.wikimedia.org/wikipedia/commons/thumb/1/13/Bosfor_B17-35.jpg/1280px-Bosfor_B17-35.jpg?utm_source=commons.wikimedia.org&utm_campaign=imageinfo&utm_content=thumbnail,User:Roweromaniak,CC BY-SA 2.5,https://commons.wikimedia.org/wiki/File:Bosfor_B17-35.jpg
way/102190100,34,Haldun Taner Sahnesi,https://upload.wikimedia.org/wikipedia/commons/thumb/2/2d/H%C3%A2ldun_Taner_Sahnesi.JPG/1280px-H%C3%A2ldun_Taner_Sahnesi.JPG?utm_source=commons.wikimedia.org&utm_campaign=imageinfo&utm_content=thumbnail,Ail Subway,CC BY 3.0,https://commons.wikimedia.org/wiki/File:H%C3%A2ldun_Taner_Sahnesi.JPG
way/103339339,34,Çinili Köşk,https://upload.wikimedia.org/wikipedia/commons/thumb/5/5a/Museum_of_Islamic_Art_%28Tiled_Kiosk%29._Istanbul_Archaeology_Museums%2C_Turkey.jpg/1280px-Museum_of_Islamic_Art_%28Tiled_Kiosk%29._Istanbul_Archaeology_Museums%2C_Turkey.jpg?utm_source=commons.wikimedia.org&utm_campaign=imageinfo&utm_content=thumbnail,Osama Shukir Muhammed Amin FRCP(Glasg),CC BY-SA 4.0,"https://commons.wikimedia.org/wiki/File:Museum_of_Islamic_Art_(Tiled_Kiosk)._Istanbul_Archaeology_Museums,_Turkey.jpg"
way/103339340,34,Eski Şark Eserleri Müzesi,https://upload.wikimedia.org/wikipedia/commons/thumb/0/03/%C4%B0stanbul_-_Sanayi-i_Nefise_Mektebi_%28Mimar_Sinan_G%C3%BCzel_Sanatlar_%C3%9Cniversitesi%29_r2_-_Mart_2013.JPG/1280px-%C4%B0stanbul_-_Sanayi-i_Nefise_Mektebi_%28Mimar_Sinan_G%C3%BCzel_Sanatlar_%C3%9Cniversitesi%29_r2_-_Mart_2013.JPG?utm_source=commons.wikimedia.org&utm_campaign=imageinfo&utm_content=thumbnail,VikiPicture,CC BY-SA 3.0,https://commons.wikimedia.org/wiki/File:%C4%B0stanbul_-_Sanayi-i_Nefise_Mektebi_(Mimar_Sinan_G%C3%BCzel_Sanatlar_%C3%9Cniversitesi)_r2_-_Mart_2013.JPG
way/110234148,34,Türk Vakıf Hat Sanatları Müzesi,https://upload.wikimedia.org/wikipedia/commons/thumb/b/b4/Caligraphy_museum_-%C4%B0stanbul_-_panoramio.jpg/1280px-Caligraphy_museum_-%C4%B0stanbul_-_panoramio.jpg?utm_source=commons.wikimedia.org&utm_campaign=imageinfo&utm_content=thumbnail,Haluk Comertel,CC BY 3.0,https://commons.wikimedia.org/wiki/File:Caligraphy_museum_-%C4%B0stanbul_-_panoramio.jpg
way/112174319,34,Sepetçiler Kasrı,https://upload.wikimedia.org/wikipedia/commons/7/70/Istanbul.Bosphorus004_small.jpg?utm_source=commons.wikimedia.org&utm_campaign=imageinfo&utm_content=thumbnail_unscaled,Georges Jansoone JoJan,CC BY 3.0,https://commons.wikimedia.org/wiki/File:Istanbul.Bosphorus004_small.jpg
way/112676117,34,Pera Müzesi,https://upload.wikimedia.org/wikipedia/commons/thumb/0/0e/Istanbul_Beyoglu_Pera_museum.jpg/1280px-Istanbul_Beyoglu_Pera_museum.jpg?utm_source=commons.wikimedia.org&utm_campaign=imageinfo&utm_content=thumbnail,Tatiana Matlina,CC BY-SA 3.0,https://commons.wikimedia.org/wiki/File:Istanbul_Beyoglu_Pera_museum.jpg
way/164108939,34,Caddebostan Kültür Merkezi,https://upload.wikimedia.org/wikipedia/commons/thumb/e/e0/Caddebostan_kultur_merkezi.JPG/1280px-Caddebostan_kultur_merkezi.JPG?utm_source=commons.wikimedia.org&utm_campaign=imageinfo&utm_content=thumbnail,Homonihilis,CC BY-SA 4.0,https://commons.wikimedia.org/wiki/File:Caddebostan_kultur_merkezi.JPG
way/164328435,34,Devlet Tiyatroları Tekel Sahnesi,https://upload.wikimedia.org/wikipedia/commons/thumb/d/d7/%C3%9Csk%C3%BCdar_Tekel_Stage_%281%29.jpg/1280px-%C3%9Csk%C3%BCdar_Tekel_Stage_%281%29.jpg?utm_source=commons.wikimedia.org&utm_campaign=imageinfo&utm_content=thumbnail,Kurmanbek,CC BY-SA 4.0,https://commons.wikimedia.org/wiki/File:%C3%9Csk%C3%BCdar_Tekel_Stage_(1).jpg
way/165718178,34,Galata Mevlevihanesi Müzesi,https://upload.wikimedia.org/wikipedia/commons/thumb/6/6c/Galata_Mevlevihanesi_M%C3%BCzesi_10.JPG/1280px-Galata_Mevlevihanesi_M%C3%BCzesi_10.JPG?utm_source=commons.wikimedia.org&utm_campaign=imageinfo&utm_content=thumbnail,VikiPicture,CC BY-SA 3.0,https://commons.wikimedia.org/wiki/File:Galata_Mevlevihanesi_M%C3%BCzesi_10.JPG
way/175523076,34,Milli Saraylar Resim Müzesi;Resim Müzesi,https://upload.wikimedia.org/wikipedia/commons/thumb/8/8d/Golden_Horn_-_Bosphorous_River_cruise_-_Istanbul%2C_Turkey_%2810582900944%29.jpg/1280px-Golden_Horn_-_Bosphorous_River_cruise_-_Istanbul%2C_Turkey_%2810582900944%29.jpg?utm_source=commons.wikimedia.org&utm_campaign=imageinfo&utm_content=thumbnail,"David Berkowitz from New York, NY, USA",CC BY 2.0,"https://commons.wikimedia.org/wiki/File:Golden_Horn_-_Bosphorous_River_cruise_-_Istanbul,_Turkey_(10582900944).jpg"
way/230687140,34,Küçüksu Kasrı,https://upload.wikimedia.org/wikipedia/commons/thumb/7/7b/Exterior_view_of_K%C3%BC%C3%A7%C3%BCksu_Palace_%281%29.jpg/1280px-Exterior_view_of_K%C3%BC%C3%A7%C3%BCksu_Palace_%281%29.jpg?utm_source=commons.wikimedia.org&utm_campaign=imageinfo&utm_content=thumbnail,José Luiz,CC BY-SA 3.0,https://commons.wikimedia.org/wiki/File:Exterior_view_of_K%C3%BC%C3%A7%C3%BCksu_Palace_(1).jpg
way/260976707,34,Türkiye İş Bankası Müzesi,https://upload.wikimedia.org/wikipedia/commons/1/15/T%C3%BCrkiye_%C4%B0%C5%9F_Bankas%C4%B1_M%C3%BCzesi.jpg?utm_source=commons.wikimedia.org&utm_campaign=imageinfo&utm_content=thumbnail_unscaled,Kingbjelica,CC BY-SA 4.0,https://commons.wikimedia.org/wiki/File:T%C3%BCrkiye_%C4%B0%C5%9F_Bankas%C4%B1_M%C3%BCzesi.jpg
way/276462508,34,beyti lokanta,https://upload.wikimedia.org/wikipedia/commons/thumb/c/c0/Beyti_facade.jpg/1280px-Beyti_facade.jpg?utm_source=commons.wikimedia.org&utm_campaign=imageinfo&utm_content=thumbnail,Nicoleon,CC0,https://commons.wikimedia.org/wiki/File:Beyti_facade.jpg
way/281772475,34,Yahya Kemal Beyatlı Gösteri Merkezi,https://upload.wikimedia.org/wikipedia/commons/thumb/9/94/Yahya_Kemal_Beyatl%C4%B1_G%C3%B6steri_Merkezi_%282025%29.jpg/1280px-Yahya_Kemal_Beyatl%C4%B1_G%C3%B6steri_Merkezi_%282025%29.jpg?utm_source=commons.wikimedia.org&utm_campaign=imageinfo&utm_content=thumbnail,Medelam,CC BY-SA 4.0,https://commons.wikimedia.org/wiki/File:Yahya_Kemal_Beyatl%C4%B1_G%C3%B6steri_Merkezi_(2025).jpg
way/286321642,34,Müze Gazhane,https://upload.wikimedia.org/wikipedia/commons/thumb/b/be/M%C3%BCze_Gazhane_%2811%29.jpg/1280px-M%C3%BCze_Gazhane_%2811%29.jpg?utm_source=commons.wikimedia.org&utm_campaign=imageinfo&utm_content=thumbnail,Jelican9,CC BY-SA 4.0,https://commons.wikimedia.org/wiki/File:M%C3%BCze_Gazhane_(11).jpg
way/303491953,34,Alay Köşkü,https://upload.wikimedia.org/wikipedia/commons/thumb/b/b2/Alay_K%C3%B6%C5%9Fk%C3%BC.jpg/1280px-Alay_K%C3%B6%C5%9Fk%C3%BC.jpg?utm_source=commons.wikimedia.org&utm_campaign=imageinfo&utm_content=thumbnail,Flanoz,CC0,https://commons.wikimedia.org/wiki/File:Alay_K%C3%B6%C5%9Fk%C3%BC.jpg
way/312484207,34,Ihlamur Kasrı (Merasim Köşkü),https://upload.wikimedia.org/wikipedia/commons/a/a8/Ihlamur_Palace_Ceremonial_House_01.jpg?utm_source=commons.wikimedia.org&utm_campaign=imageinfo&utm_content=thumbnail_unscaled,Chapultepec,Public domain,https://commons.wikimedia.org/wiki/File:Ihlamur_Palace_Ceremonial_House_01.jpg
way/315607041,34,İstanbul Akvaryum,https://upload.wikimedia.org/wikipedia/commons/thumb/6/69/%C4%B0stanbul_Akvaryumun_giri%C5%9Fi.jpg/1280px-%C4%B0stanbul_Akvaryumun_giri%C5%9Fi.jpg?utm_source=commons.wikimedia.org&utm_campaign=imageinfo&utm_content=thumbnail,Tarih,CC BY-SA 3.0,https://commons.wikimedia.org/wiki/File:%C4%B0stanbul_Akvaryumun_giri%C5%9Fi.jpg
way/315886959,34,Vialand İsfanbul Tema Park,https://upload.wikimedia.org/wikipedia/commons/thumb/9/94/Vialand_Theme_Park%2C_%C4%B0stanbul_p3.jpg/1280px-Vialand_Theme_Park%2C_%C4%B0stanbul_p3.jpg?utm_source=commons.wikimedia.org&utm_campaign=imageinfo&utm_content=thumbnail,VikiPicture,CC BY-SA 3.0,"https://commons.wikimedia.org/wiki/File:Vialand_Theme_Park,_%C4%B0stanbul_p3.jpg"
way/319020883,34,İstanbul Arkeoloji Müzesi,https://upload.wikimedia.org/wikipedia/commons/thumb/3/32/Istanbul_PB076052raw_%284116618724%29.jpg/1280px-Istanbul_PB076052raw_%284116618724%29.jpg?utm_source=commons.wikimedia.org&utm_campaign=imageinfo&utm_content=thumbnail,Javier Losa,CC BY 2.0,https://commons.wikimedia.org/wiki/File:Istanbul_PB076052raw_(4116618724).jpg
way/324022454,34,Büyük Mabeyn Köşkü,https://upload.wikimedia.org/wikipedia/commons/thumb/e/ed/%C4%B0stanbul_5717.jpg/1280px-%C4%B0stanbul_5717.jpg?utm_source=commons.wikimedia.org&utm_campaign=imageinfo&utm_content=thumbnail,User:Darwinek,CC BY-SA 3.0,https://commons.wikimedia.org/wiki/File:%C4%B0stanbul_5717.jpg
way/335374188,34,İstanbul Arkeoloji Müzeleri,https://upload.wikimedia.org/wikipedia/commons/thumb/7/76/Istanbularcheology.jpg/1280px-Istanbularcheology.jpg?utm_source=commons.wikimedia.org&utm_campaign=imageinfo&utm_content=thumbnail,Metuboy,CC BY-SA 4.0,https://commons.wikimedia.org/wiki/File:Istanbularcheology.jpg
way/338831488,34,Mihrabat,https://upload.wikimedia.org/wikipedia/commons/thumb/d/d9/MihrabatNaturePark.jpg/1280px-MihrabatNaturePark.jpg?utm_source=commons.wikimedia.org&utm_campaign=imageinfo&utm_content=thumbnail,CeeGee,CC BY-SA 4.0,https://commons.wikimedia.org/wiki/File:MihrabatNaturePark.jpg
way/401282988,34,Sarı Köşk,https://upload.wikimedia.org/wikipedia/commons/f/fc/Yellow_Pavilion-exterior.jpg?utm_source=commons.wikimedia.org&utm_campaign=imageinfo&utm_content=thumbnail_unscaled,Basile Kargopoulo,Public domain,https://commons.wikimedia.org/wiki/File:Yellow_Pavilion-exterior.jpg
way/491935728,34,Süreyya Operası,https://upload.wikimedia.org/wikipedia/commons/thumb/a/a9/Istanbul_asv2021-11_img50_S%C3%BCreyya_Opera.jpg/1280px-Istanbul_asv2021-11_img50_S%C3%BCreyya_Opera.jpg?utm_source=commons.wikimedia.org&utm_campaign=imageinfo&utm_content=thumbnail,A.Savin,FAL,https://commons.wikimedia.org/wiki/File:Istanbul_asv2021-11_img50_S%C3%BCreyya_Opera.jpg
way/498861869,34,Deniz Müzesi,https://upload.wikimedia.org/wikipedia/commons/thumb/6/6a/IstanbulNavalMuseum01.JPG/1280px-IstanbulNavalMuseum01.JPG?utm_source=commons.wikimedia.org&utm_campaign=imageinfo&utm_content=thumbnail,CeeGee,CC BY-SA 4.0,https://commons.wikimedia.org/wiki/File:IstanbulNavalMuseum01.JPG
way/550086138,34,Kazım Karabekir Paşa Müzesi,https://upload.wikimedia.org/wikipedia/commons/thumb/3/3f/2021-02-01_Karabekir_Museum_3.jpg/1280px-2021-02-01_Karabekir_Museum_3.jpg?utm_source=commons.wikimedia.org&utm_campaign=imageinfo&utm_content=thumbnail,Meskalam,CC BY-SA 4.0,https://commons.wikimedia.org/wiki/File:2021-02-01_Karabekir_Museum_3.jpg
way/569917144,34,Terziler Sinagogu  / Schneidertempel Sanat Merkezi,https://upload.wikimedia.org/wikipedia/commons/7/79/Terziler_Sinagogu.jpg?utm_source=commons.wikimedia.org&utm_campaign=imageinfo&utm_content=thumbnail_unscaled,"Peretz Partensky from San Francisco, USA",CC BY-SA 2.0,https://commons.wikimedia.org/wiki/File:Terziler_Sinagogu.jpg
way/573564519,34,İstanbul Oyuncak Müzesi,https://upload.wikimedia.org/wikipedia/commons/thumb/7/75/MuzeumhracekIstanbul_budova.JPG/1280px-MuzeumhracekIstanbul_budova.JPG?utm_source=commons.wikimedia.org&utm_campaign=imageinfo&utm_content=thumbnail,Warmice01,CC BY-SA 3.0,https://commons.wikimedia.org/wiki/File:MuzeumhracekIstanbul_budova.JPG
way/685291099,34,santralistanbul Enerji Müzesi,https://upload.wikimedia.org/wikipedia/commons/thumb/2/2f/Santralistanbul_campus_%286%29.jpg/1280px-Santralistanbul_campus_%286%29.jpg?utm_source=commons.wikimedia.org&utm_campaign=imageinfo&utm_content=thumbnail,Jelican9,CC BY-SA 4.0,https://commons.wikimedia.org/wiki/File:Santralistanbul_campus_(6).jpg
way/698165879,34,"Atatürk Museum, Şişli",https://upload.wikimedia.org/wikipedia/commons/thumb/b/b1/Istanbul_asv2021-11_img69_Atat%C3%BCrk_Museum.jpg/1280px-Istanbul_asv2021-11_img69_Atat%C3%BCrk_Museum.jpg?utm_source=commons.wikimedia.org&utm_campaign=imageinfo&utm_content=thumbnail,A.Savin,FAL,https://commons.wikimedia.org/wiki/File:Istanbul_asv2021-11_img69_Atat%C3%BCrk_Museum.jpg
way/746788646,34,Aşiyan Müzesi,https://upload.wikimedia.org/wikipedia/commons/thumb/4/4e/Asiyan_Museum_2.JPG/1280px-Asiyan_Museum_2.JPG?utm_source=commons.wikimedia.org&utm_campaign=imageinfo&utm_content=thumbnail,Hbasak,CC BY-SA 4.0,https://commons.wikimedia.org/wiki/File:Asiyan_Museum_2.JPG
way/972288159,34,Kartal Belediyesi Masal Müzesi,https://upload.wikimedia.org/wikipedia/commons/thumb/8/89/20250306_Kartal_Masal_M%C3%BCzesi_01.jpg/1280px-20250306_Kartal_Masal_M%C3%BCzesi_01.jpg?utm_source=commons.wikimedia.org&utm_campaign=imageinfo&utm_content=thumbnail,Basak,CC0,https://commons.wikimedia.org/wiki/File:20250306_Kartal_Masal_M%C3%BCzesi_01.jpg
way/1000250944,34,Adalar Müzesi,https://upload.wikimedia.org/wikipedia/commons/7/7b/Adalar_muzesi_hangar_binasi.jpg?utm_source=commons.wikimedia.org&utm_campaign=imageinfo&utm_content=thumbnail_unscaled,Bulent Özden &amp; Museum of the Princes' Islands,CC BY-SA 3.0,https://commons.wikimedia.org/wiki/File:Adalar_muzesi_hangar_binasi.jpg
way/1033333873,34,Atatürk Kültür Merkezi,https://upload.wikimedia.org/wikipedia/commons/thumb/3/34/Istanbul_asv2021-10_img08_Taksim_AKM.jpg/1280px-Istanbul_asv2021-10_img08_Taksim_AKM.jpg?utm_source=commons.wikimedia.org&utm_campaign=imageinfo&utm_content=thumbnail,A.Savin,FAL,https://commons.wikimedia.org/wiki/File:Istanbul_asv2021-10_img08_Taksim_AKM.jpg
way/1039501845,34,Harbiye Cemil Topuzlu Açık Hava Tiyatrosu,https://upload.wikimedia.org/wikipedia/commons/thumb/f/f8/Cemil_Topuzlu_A%C3%A7%C4%B1khava_Tiyatrosu.jpg/1280px-Cemil_Topuzlu_A%C3%A7%C4%B1khava_Tiyatrosu.jpg?utm_source=commons.wikimedia.org&utm_campaign=imageinfo&utm_content=thumbnail,QuartierLatin1968,CC BY-SA 3.0,https://commons.wikimedia.org/wiki/File:Cemil_Topuzlu_A%C3%A7%C4%B1khava_Tiyatrosu.jpg
way/1041976901,34,Miniatürk,https://upload.wikimedia.org/wikipedia/commons/thumb/7/7e/Mardin_stone_houses_02148.jpg/1280px-Mardin_stone_houses_02148.jpg?utm_source=commons.wikimedia.org&utm_campaign=imageinfo&utm_content=thumbnail,Nevit Dilmen,CC BY-SA 3.0,https://commons.wikimedia.org/wiki/File:Mardin_stone_houses_02148.jpg
way/1087432624,34,Sinematek,https://upload.wikimedia.org/wikipedia/commons/thumb/c/ce/Sinematek_%26_Sinemaevi_i%C3%A7.jpg/1280px-Sinematek_%26_Sinemaevi_i%C3%A7.jpg?utm_source=commons.wikimedia.org&utm_campaign=imageinfo&utm_content=thumbnail,Berkay Bayram,CC BY-SA 4.0,https://commons.wikimedia.org/wiki/File:Sinematek_%26_Sinemaevi_i%C3%A7.jpg
way/1112132469,34,Sadberk Hanım Müzesi,https://upload.wikimedia.org/wikipedia/commons/4/41/Sadberkhan%C4%B1mm%C3%BCzesi1.jpg?utm_source=commons.wikimedia.org&utm_campaign=imageinfo&utm_content=thumbnail_unscaled,Berfu at Turkish Wikipedia,CC BY-SA 3.0,https://commons.wikimedia.org/wiki/File:Sadberkhan%C4%B1mm%C3%BCzesi1.jpg
way/1112685777,34,Cam ve Billur Müzesi,https://upload.wikimedia.org/wikipedia/commons/thumb/0/0e/BGCM_21.jpg/1280px-BGCM_21.jpg?utm_source=commons.wikimedia.org&utm_campaign=imageinfo&utm_content=thumbnail,Neda Atuğ,CC BY 4.0,https://commons.wikimedia.org/wiki/File:BGCM_21.jpg
way/1115171156,34,Florya Atatürk Deniz Köşkü,https://upload.wikimedia.org/wikipedia/commons/thumb/8/8c/Florya001.jpg/1280px-Florya001.jpg?utm_source=commons.wikimedia.org&utm_campaign=imageinfo&utm_content=thumbnail,Stambouliote,CC BY-SA 3.0,https://commons.wikimedia.org/wiki/File:Florya001.jpg
way/1153649968,34,Panorama 1453 Tarih Müzesi,https://upload.wikimedia.org/wikipedia/commons/thumb/2/24/Panorama_1453_History_Museum.JPG/1280px-Panorama_1453_History_Museum.JPG?utm_source=commons.wikimedia.org&utm_campaign=imageinfo&utm_content=thumbnail,İlhami DİNÇ,Public domain,https://commons.wikimedia.org/wiki/File:Panorama_1453_History_Museum.JPG
way/1153966162,34,Büyük Saray Mozaikleri Müzesi,https://upload.wikimedia.org/wikipedia/commons/thumb/4/41/Mosaic_museum_Istanbul_2007_021.jpg/1280px-Mosaic_museum_Istanbul_2007_021.jpg?utm_source=commons.wikimedia.org&utm_campaign=imageinfo&utm_content=thumbnail,Byzantine mosaic artists from the 5th century,Public domain,https://commons.wikimedia.org/wiki/File:Mosaic_museum_Istanbul_2007_021.jpg
way/1154702450,34,Şerefiye Sarnıcı,https://upload.wikimedia.org/wikipedia/commons/thumb/a/ad/Theodosius_cistern_08.jpg/1280px-Theodosius_cistern_08.jpg?utm_source=commons.wikimedia.org&utm_campaign=imageinfo&utm_content=thumbnail,Izabela Miszczak,CC BY-SA 4.0,https://commons.wikimedia.org/wiki/File:Theodosius_cistern_08.jpg
way/1209843521,34,Mermer Köşk,https://upload.wikimedia.org/wikipedia/commons/f/f8/Marble_Kiosk%2C_Beylerbeyi_Palace-exterior_2_%28cropped%29.jpg?utm_source=commons.wikimedia.org&utm_campaign=imageinfo&utm_content=thumbnail_unscaled,Basile Kargopoulo,Public domain,"https://commons.wikimedia.org/wiki/File:Marble_Kiosk,_Beylerbeyi_Palace-exterior_2_(cropped).jpg"
way/1508373585,34,İstanbul Havacılık Müzesi,https://upload.wikimedia.org/wikipedia/commons/thumb/6/69/%C4%B0stanbul_5372.jpg/1280px-%C4%B0stanbul_5372.jpg?utm_source=commons.wikimedia.org&utm_campaign=imageinfo&utm_content=thumbnail,User:Darwinek,CC BY-SA 3.0,https://commons.wikimedia.org/wiki/File:%C4%B0stanbul_5372.jpg
relation/4297527,34,Rahmi M. Koç Müzesi,https://upload.wikimedia.org/wikipedia/commons/thumb/5/5b/Istanbul_asv2021-11_img15_Rahmi_Ko%C3%A7_Museum.jpg/1280px-Istanbul_asv2021-11_img15_Rahmi_Ko%C3%A7_Museum.jpg?utm_source=commons.wikimedia.org&utm_campaign=imageinfo&utm_content=thumbnail,A.Savin,FAL,https://commons.wikimedia.org/wiki/File:Istanbul_asv2021-11_img15_Rahmi_Ko%C3%A7_Museum.jpg
relation/4742554,34,Aya İrini Kilisesi,https://upload.wikimedia.org/wikipedia/commons/thumb/4/42/Hagia_Irene%2C_Istanbul_%2852112279404%29_%28cropped%29.jpg/1280px-Hagia_Irene%2C_Istanbul_%2852112279404%29_%28cropped%29.jpg?utm_source=commons.wikimedia.org&utm_campaign=imageinfo&utm_content=thumbnail,Ninara,CC BY 2.0,"https://commons.wikimedia.org/wiki/File:Hagia_Irene,_Istanbul_(52112279404)_(cropped).jpg"
node/785102629,35,Selçuk Efes Müzesi,https://upload.wikimedia.org/wikipedia/commons/thumb/9/92/EfesMuseumEingang.jpg/1280px-EfesMuseumEingang.jpg?utm_source=commons.wikimedia.org&utm_campaign=imageinfo&utm_content=thumbnail,Klaus-Peter Simon,CC BY-SA 3.0,https://commons.wikimedia.org/wiki/File:EfesMuseumEingang.jpg
node/2435585670,35,Çeşme Müzesi,https://upload.wikimedia.org/wikipedia/commons/4/40/%C3%87e%C5%9Fme_Museum.jpg?utm_source=commons.wikimedia.org&utm_campaign=imageinfo&utm_content=thumbnail_unscaled,Nedim Ardoğa,CC BY-SA 4.0,https://commons.wikimedia.org/wiki/File:%C3%87e%C5%9Fme_Museum.jpg
node/4815177744,35,Arkas Art Center,https://upload.wikimedia.org/wikipedia/commons/thumb/f/fc/ASM_Night.jpg/1280px-ASM_Night.jpg?utm_source=commons.wikimedia.org&utm_campaign=imageinfo&utm_content=thumbnail,Giacasso,CC BY-SA 3.0,https://commons.wikimedia.org/wiki/File:ASM_Night.jpg
node/4815186884,35,İzmir Etnografya Müzesi,https://upload.wikimedia.org/wikipedia/commons/thumb/5/5d/Izmir_Ethnography_Museum.jpg/1280px-Izmir_Ethnography_Museum.jpg?utm_source=commons.wikimedia.org&utm_campaign=imageinfo&utm_content=thumbnail,User:Quintucket,CC BY-SA 3.0,https://commons.wikimedia.org/wiki/File:Izmir_Ethnography_Museum.jpg
node/4815186885,35,Izmir Archaeology Museum,https://upload.wikimedia.org/wikipedia/commons/thumb/1/1e/Museo_archeologico_di_izmir%2C_veduta.JPG/1280px-Museo_archeologico_di_izmir%2C_veduta.JPG?utm_source=commons.wikimedia.org&utm_campaign=imageinfo&utm_content=thumbnail,sailko,CC BY-SA 3.0,"https://commons.wikimedia.org/wiki/File:Museo_archeologico_di_izmir,_veduta.JPG"
node/5494664308,35,İzmir Müze Gemiler Müdürlüğü,https://upload.wikimedia.org/wikipedia/commons/thumb/b/b8/%C4%B0nciralt%C4%B1_Sea_Museum%2C_TCG_Pirireis_%28S-343%29_%26_TCG_Ege_%28F_256%29.jpg/1280px-%C4%B0nciralt%C4%B1_Sea_Museum%2C_TCG_Pirireis_%28S-343%29_%26_TCG_Ege_%28F_256%29.jpg?utm_source=commons.wikimedia.org&utm_campaign=imageinfo&utm_content=thumbnail,VikiPicture,CC BY-SA 4.0,"https://commons.wikimedia.org/wiki/File:%C4%B0nciralt%C4%B1_Sea_Museum,_TCG_Pirireis_(S-343)_%26_TCG_Ege_(F_256).jpg"
node/7881034486,35,Yıldız Kent Arşivi ve Müzesi,https://upload.wikimedia.org/wikipedia/commons/thumb/8/81/%C3%96demi%C5%9F_Y%C4%B1ld%C4%B1z_Kent_Ar%C5%9Fivi_ve_M%C3%BCzesi_%281%29.jpg/1280px-%C3%96demi%C5%9F_Y%C4%B1ld%C4%B1z_Kent_Ar%C5%9Fivi_ve_M%C3%BCzesi_%281%29.jpg?utm_source=commons.wikimedia.org&utm_campaign=imageinfo&utm_content=thumbnail,Kingbjelica,CC BY-SA 4.0,https://commons.wikimedia.org/wiki/File:%C3%96demi%C5%9F_Y%C4%B1ld%C4%B1z_Kent_Ar%C5%9Fivi_ve_M%C3%BCzesi_(1).jpg
node/8425783259,35,Mask Müzesi,https://upload.wikimedia.org/wikipedia/commons/thumb/f/fd/%C4%B0zmir_Mask_M%C3%BCzesi_-_Necdet_Alpar_Evi.jpg/1280px-%C4%B0zmir_Mask_M%C3%BCzesi_-_Necdet_Alpar_Evi.jpg?utm_source=commons.wikimedia.org&utm_campaign=imageinfo&utm_content=thumbnail,Ozlmktv,CC BY-SA 4.0,https://commons.wikimedia.org/wiki/File:%C4%B0zmir_Mask_M%C3%BCzesi_-_Necdet_Alpar_Evi.jpg
node/8440636435,35,İzmir Büyükşehir Belediyesi Şehir Tiyatroları Elhamra Sahnesi,https://upload.wikimedia.org/wikipedia/commons/thumb/2/2e/Elhamra.jpg/1280px-Elhamra.jpg?utm_source=commons.wikimedia.org&utm_campaign=imageinfo&utm_content=thumbnail,Aysenuronaran,CC BY-SA 4.0,https://commons.wikimedia.org/wiki/File:Elhamra.jpg
node/10311961457,35,Sanat Galerisi,https://upload.wikimedia.org/wikipedia/commons/thumb/3/30/Konak_Metro_Art_Gallery_01.jpg/1280px-Konak_Metro_Art_Gallery_01.jpg?utm_source=commons.wikimedia.org&utm_campaign=imageinfo&utm_content=thumbnail,BSRF,CC BY-SA 4.0,https://commons.wikimedia.org/wiki/File:Konak_Metro_Art_Gallery_01.jpg
node/11141615450,35,Ege Üniversitesi Etnografya Müzesi,https://upload.wikimedia.org/wikipedia/commons/thumb/9/97/EGE_%C3%9CN%C4%B0VERS%C4%B0TES%C4%B0_ETNOGRAFYA_M%C3%9CZES%C4%B0_1.jpg/1280px-EGE_%C3%9CN%C4%B0VERS%C4%B0TES%C4%B0_ETNOGRAFYA_M%C3%9CZES%C4%B0_1.jpg?utm_source=commons.wikimedia.org&utm_campaign=imageinfo&utm_content=thumbnail,Samizambak,CC BY-SA 4.0,https://commons.wikimedia.org/wiki/File:EGE_%C3%9CN%C4%B0VERS%C4%B0TES%C4%B0_ETNOGRAFYA_M%C3%9CZES%C4%B0_1.jpg
node/12593565908,35,Zübeyde Hanım Eğitim ve Müze Gemisi,https://upload.wikimedia.org/wikipedia/commons/thumb/3/38/Z%C3%BCbeyde_Han%C4%B1m_Ship_Museum_p24.JPG/1280px-Z%C3%BCbeyde_Han%C4%B1m_Ship_Museum_p24.JPG?utm_source=commons.wikimedia.org&utm_campaign=imageinfo&utm_content=thumbnail,VikiPicture,CC BY-SA 3.0,https://commons.wikimedia.org/wiki/File:Z%C3%BCbeyde_Han%C4%B1m_Ship_Museum_p24.JPG
node/12972876695,35,İzmir Tarih ve Sanat Müzesi,https://upload.wikimedia.org/wikipedia/commons/thumb/3/37/%C4%B0zmir_Tarih_ve_Sanat_M%C3%BCzesi.jpg/1280px-%C4%B0zmir_Tarih_ve_Sanat_M%C3%BCzesi.jpg?utm_source=commons.wikimedia.org&utm_campaign=imageinfo&utm_content=thumbnail,BSRF,CC BY-SA 4.0,https://commons.wikimedia.org/wiki/File:%C4%B0zmir_Tarih_ve_Sanat_M%C3%BCzesi.jpg
way/82627305,35,İzmir Doğal Yaşam Parkı,https://upload.wikimedia.org/wikipedia/commons/thumb/9/92/%C4%B0zmir_Natural_Life_Park_p1.JPG/1280px-%C4%B0zmir_Natural_Life_Park_p1.JPG?utm_source=commons.wikimedia.org&utm_campaign=imageinfo&utm_content=thumbnail,VikiPicture,CC BY-SA 3.0,https://commons.wikimedia.org/wiki/File:%C4%B0zmir_Natural_Life_Park_p1.JPG
way/155462550,35,Key Museum,https://upload.wikimedia.org/wikipedia/commons/thumb/1/1b/Key_Museum_3.jpg/1280px-Key_Museum_3.jpg?utm_source=commons.wikimedia.org&utm_campaign=imageinfo&utm_content=thumbnail,Homonihilis,CC BY-SA 4.0,https://commons.wikimedia.org/wiki/File:Key_Museum_3.jpg
way/173066984,35,TCG Ege,https://upload.wikimedia.org/wikipedia/commons/thumb/0/02/USS_Ainsworth_%28FF-1090%29_underway_off_Augusta_Bay%2C_Sicily%2C_Italy%2C_on_17_October_1987_%286452192%29.jpg/1280px-USS_Ainsworth_%28FF-1090%29_underway_off_Augusta_Bay%2C_Sicily%2C_Italy%2C_on_17_October_1987_%286452192%29.jpg?utm_source=commons.wikimedia.org&utm_campaign=imageinfo&utm_content=thumbnail,"PH3 Michael Skeens, U.S. Navy",Public domain,"https://commons.wikimedia.org/wiki/File:USS_Ainsworth_(FF-1090)_underway_off_Augusta_Bay,_Sicily,_Italy,_on_17_October_1987_(6452192).jpg"
way/183300994,35,Teos Tiyatrosu,https://upload.wikimedia.org/wikipedia/commons/thumb/4/4a/Teos_Antik_Tiyatro_-_geni%C5%9F_a%C3%A7%C4%B1.jpg/1280px-Teos_Antik_Tiyatro_-_geni%C5%9F_a%C3%A7%C4%B1.jpg?utm_source=commons.wikimedia.org&utm_campaign=imageinfo&utm_content=thumbnail,Ozlmktv,CC BY-SA 4.0,https://commons.wikimedia.org/wiki/File:Teos_Antik_Tiyatro_-_geni%C5%9F_a%C3%A7%C4%B1.jpg
way/256317187,35,İsmet İnönü Sanat Merkezi,https://upload.wikimedia.org/wikipedia/commons/b/b3/%C4%B0zmir_B%C3%BCy%C3%BCk%C5%9Fehir_Belediyesi_%C5%9Eehir_Tiyatrolar%C4%B1_%C4%B0smet_%C4%B0n%C3%B6n%C3%BC_Sahnesi.jpg?utm_source=commons.wikimedia.org&utm_campaign=imageinfo&utm_content=thumbnail_unscaled,Aslıhan Güçlü,CC BY-SA 4.0,https://commons.wikimedia.org/wiki/File:%C4%B0zmir_B%C3%BCy%C3%BCk%C5%9Fehir_Belediyesi_%C5%9Eehir_Tiyatrolar%C4%B1_%C4%B0smet_%C4%B0n%C3%B6n%C3%BC_Sahnesi.jpg
way/256317190,35,Agora Açık Hava Müzesi,https://upload.wikimedia.org/wikipedia/commons/8/88/Agora_of_Smyrna.jpg?utm_source=commons.wikimedia.org&utm_campaign=imageinfo&utm_content=thumbnail_unscaled,Agora_vue_générale.jpg: Didier Laroche derivative work: IgnisFatuus (talk),CC BY-SA 3.0,https://commons.wikimedia.org/wiki/File:Agora_of_Smyrna.jpg
way/377719864,35,Bostanlı Açık Hava Müzesi,https://upload.wikimedia.org/wikipedia/commons/thumb/0/0c/Rosa_Farugg%C4%B1a_Heykeli.jpg/1280px-Rosa_Farugg%C4%B1a_Heykeli.jpg?utm_source=commons.wikimedia.org&utm_campaign=imageinfo&utm_content=thumbnail,Ozlmktv,CC BY-SA 4.0,https://commons.wikimedia.org/wiki/File:Rosa_Farugg%C4%B1a_Heykeli.jpg
way/501242101,35,Atatürk Açık Hava Tiyatrosu,https://upload.wikimedia.org/wikipedia/commons/thumb/7/71/Atat%C3%BCrk_Open_Air_Theatre%2C_May_2019_%283%29.jpg/1280px-Atat%C3%BCrk_Open_Air_Theatre%2C_May_2019_%283%29.jpg?utm_source=commons.wikimedia.org&utm_campaign=imageinfo&utm_content=thumbnail,BSRF,CC BY-SA 4.0,"https://commons.wikimedia.org/wiki/File:Atat%C3%BCrk_Open_Air_Theatre,_May_2019_(3).jpg"
way/866758590,35,İzmir Kadın Müzesi,https://upload.wikimedia.org/wikipedia/commons/thumb/7/78/%C4%B0zmir_Kad%C4%B1n_M%C3%BCzesi.jpg/1280px-%C4%B0zmir_Kad%C4%B1n_M%C3%BCzesi.jpg?utm_source=commons.wikimedia.org&utm_campaign=imageinfo&utm_content=thumbnail,Xayala Mammadli,CC BY-SA 4.0,https://commons.wikimedia.org/wiki/File:%C4%B0zmir_Kad%C4%B1n_M%C3%BCzesi.jpg
way/867065417,35,İzmir Devlet Tiyatrosu Konak Sahnesi,https://upload.wikimedia.org/wikipedia/commons/d/da/Konak_sahnesi.jpg?utm_source=commons.wikimedia.org&utm_campaign=imageinfo&utm_content=thumbnail_unscaled,Ceyda eldemir,CC BY-SA 4.0,https://commons.wikimedia.org/wiki/File:Konak_sahnesi.jpg
way/882959220,35,Ümran Baradan Oyun ve Oyuncak Müzesi,https://upload.wikimedia.org/wikipedia/commons/thumb/5/5a/%C4%B0zmir_Toy_Museum.JPG/1280px-%C4%B0zmir_Toy_Museum.JPG?utm_source=commons.wikimedia.org&utm_campaign=imageinfo&utm_content=thumbnail,Nedim Ardoğa,CC BY-SA 3.0,https://commons.wikimedia.org/wiki/File:%C4%B0zmir_Toy_Museum.JPG
way/955410254,35,Ahmet Piriştina Kent Arşivi ve Müzesi,https://upload.wikimedia.org/wikipedia/commons/thumb/6/69/Ahmet_Piri%C5%9Ftina_City_Archives_and_Museum_01.jpg/1280px-Ahmet_Piri%C5%9Ftina_City_Archives_and_Museum_01.jpg?utm_source=commons.wikimedia.org&utm_campaign=imageinfo&utm_content=thumbnail,BSRF,CC BY-SA 4.0,https://commons.wikimedia.org/wiki/File:Ahmet_Piri%C5%9Ftina_City_Archives_and_Museum_01.jpg
way/1167760456,35,İzmir Kültür Sanat Fabrikası,https://upload.wikimedia.org/wikipedia/commons/thumb/7/73/Entrance_of_the_%C4%B0zmir_Culture_and_Arts_Factory_02.jpg/1280px-Entrance_of_the_%C4%B0zmir_Culture_and_Arts_Factory_02.jpg?utm_source=commons.wikimedia.org&utm_campaign=imageinfo&utm_content=thumbnail,Koray,CC BY-SA 4.0,https://commons.wikimedia.org/wiki/File:Entrance_of_the_%C4%B0zmir_Culture_and_Arts_Factory_02.jpg
way/1289268763,35,Çakırağa Konağı,https://upload.wikimedia.org/wikipedia/commons/5/59/%C3%87ak%C4%B1ra%C4%9Fa_Mansion.jpg?utm_source=commons.wikimedia.org&utm_campaign=imageinfo&utm_content=thumbnail_unscaled,Nedim Ardoğa,CC BY-SA 4.0,https://commons.wikimedia.org/wiki/File:%C3%87ak%C4%B1ra%C4%9Fa_Mansion.jpg
relation/18734984,35,İzmir Bergama Müzesi,https://upload.wikimedia.org/wikipedia/commons/7/73/BergamaMuseumHadrian.jpg?utm_source=commons.wikimedia.org&utm_campaign=imageinfo&utm_content=thumbnail_unscaled,Klaus-Peter Simon,CC BY-SA 3.0,https://commons.wikimedia.org/wiki/File:BergamaMuseumHadrian.jpg
way/455450081,36,Kars Müzesi̇,https://upload.wikimedia.org/wikipedia/commons/thumb/c/c9/Kars_museum%2C_Turkey_02.jpg/1280px-Kars_museum%2C_Turkey_02.jpg?utm_source=commons.wikimedia.org&utm_campaign=imageinfo&utm_content=thumbnail,Jaba1977,CC BY-SA 4.0,"https://commons.wikimedia.org/wiki/File:Kars_museum,_Turkey_02.jpg"
node/12025416061,38,Kayseri Arkeoloji Müzesi,https://upload.wikimedia.org/wikipedia/commons/thumb/0/03/Kayseri_Archaeological_Museum_General_view_in_2023_5154.jpg/1280px-Kayseri_Archaeological_Museum_General_view_in_2023_5154.jpg?utm_source=commons.wikimedia.org&utm_campaign=imageinfo&utm_content=thumbnail,Dosseman,CC BY-SA 4.0,https://commons.wikimedia.org/wiki/File:Kayseri_Archaeological_Museum_General_view_in_2023_5154.jpg
relation/7641623,38,Gevher Nesibe Medresesi,https://upload.wikimedia.org/wikipedia/commons/thumb/b/b8/Gevher_Nesibe_Medrese_%28Cifte_Medrese%29_DSCF0761.jpg/1280px-Gevher_Nesibe_Medrese_%28Cifte_Medrese%29_DSCF0761.jpg?utm_source=commons.wikimedia.org&utm_campaign=imageinfo&utm_content=thumbnail,R Prazeres,CC BY-SA 4.0,https://commons.wikimedia.org/wiki/File:Gevher_Nesibe_Medrese_(Cifte_Medrese)_DSCF0761.jpg
way/584248854,39,Ali Rıza Efendi Kültür Evi,https://upload.wikimedia.org/wikipedia/commons/thumb/6/6e/Ali_R%C4%B1za_Efendi_K%C3%BClt%C3%BCr_Evi_-_01.jpg/1280px-Ali_R%C4%B1za_Efendi_K%C3%BClt%C3%BCr_Evi_-_01.jpg?utm_source=commons.wikimedia.org&utm_campaign=imageinfo&utm_content=thumbnail,Alicembasli,CC BY 4.0,https://commons.wikimedia.org/wiki/File:Ali_R%C4%B1za_Efendi_K%C3%BClt%C3%BCr_Evi_-_01.jpg
way/584248875,39,Kırklareli Müzesi,https://upload.wikimedia.org/wikipedia/commons/thumb/5/5b/K%C4%B1rklareliMuseum_%281%29.JPG/1280px-K%C4%B1rklareliMuseum_%281%29.JPG?utm_source=commons.wikimedia.org&utm_campaign=imageinfo&utm_content=thumbnail,CeeGee,CC BY-SA 4.0,https://commons.wikimedia.org/wiki/File:K%C4%B1rklareliMuseum_(1).JPG
way/1428258344,39,Durak Lokantası,https://upload.wikimedia.org/wikipedia/commons/thumb/0/0a/D%C3%BCkkan_%28Karaka%C5%9F%2C_T%C4%B1rnova_Caddesi%2C_2%29_-_20250601144249.jpg/1280px-D%C3%BCkkan_%28Karaka%C5%9F%2C_T%C4%B1rnova_Caddesi%2C_2%29_-_20250601144249.jpg?utm_source=commons.wikimedia.org&utm_campaign=imageinfo&utm_content=thumbnail,Sadrettin,CC BY-SA 4.0,"https://commons.wikimedia.org/wiki/File:D%C3%BCkkan_(Karaka%C5%9F,_T%C4%B1rnova_Caddesi,_2)_-_20250601144249.jpg"
way/173068033,41,TCG Gayret,https://upload.wikimedia.org/wikipedia/commons/6/66/Gayret_Museum.jpg?utm_source=commons.wikimedia.org&utm_campaign=imageinfo&utm_content=thumbnail_unscaled,Kerem Barut (en:User:KeRR in English Wikipedia),CC BY 2.5,https://commons.wikimedia.org/wiki/File:Gayret_Museum.jpg
way/223406450,41,Kasr-ı Hümayün Av Köşkü,https://upload.wikimedia.org/wikipedia/commons/thumb/9/94/Kasr%C4%B1_H%C3%BCmayun_%281%29_06.jpg/1280px-Kasr%C4%B1_H%C3%BCmayun_%281%29_06.jpg?utm_source=commons.wikimedia.org&utm_campaign=imageinfo&utm_content=thumbnail,Kocaeligönüllüsü,CC BY-SA 4.0,https://commons.wikimedia.org/wiki/File:Kasr%C4%B1_H%C3%BCmayun_(1)_06.jpg
way/356164174,41,Faruk Yalçın Hayvanat Bahçesi ve Botanik Parkı,https://upload.wikimedia.org/wikipedia/commons/f/f0/Faruk_Yalcin_Zoo_Kocaeli.JPG?utm_source=commons.wikimedia.org&utm_campaign=imageinfo&utm_content=thumbnail_unscaled,Elelicht,CC BY-SA 3.0,https://commons.wikimedia.org/wiki/File:Faruk_Yalcin_Zoo_Kocaeli.JPG
way/1154009694,41,İzmit Deprem Farkındalık ve Anma Müzesi,https://upload.wikimedia.org/wikipedia/commons/thumb/1/13/Izmit_deprem_m%C3%BCzesi_%281%29_04.jpg/1280px-Izmit_deprem_m%C3%BCzesi_%281%29_04.jpg?utm_source=commons.wikimedia.org&utm_campaign=imageinfo&utm_content=thumbnail,Kocaeligönüllüsü,CC BY-SA 4.0,https://commons.wikimedia.org/wiki/File:Izmit_deprem_m%C3%BCzesi_(1)_04.jpg
way/1157956158,41,Seka Mehmet Ali Kağıtçı Kağıt Müzesi,https://upload.wikimedia.org/wikipedia/commons/thumb/3/3a/SEKA_Ka%C4%9F%C4%B1t_M%C3%BCzesi.jpg/1280px-SEKA_Ka%C4%9F%C4%B1t_M%C3%BCzesi.jpg?utm_source=commons.wikimedia.org&utm_campaign=imageinfo&utm_content=thumbnail,Cobija,CC BY-SA 4.0,https://commons.wikimedia.org/wiki/File:SEKA_Ka%C4%9F%C4%B1t_M%C3%BCzesi.jpg
way/1340311843,41,Yarhisar Gemisi Müzesi,https://upload.wikimedia.org/wikipedia/commons/thumb/3/35/Yarhisargemi.jpg/1280px-Yarhisargemi.jpg?utm_source=commons.wikimedia.org&utm_campaign=imageinfo&utm_content=thumbnail,UcuncuUlus,CC BY-SA 4.0,https://commons.wikimedia.org/wiki/File:Yarhisargemi.jpg
node/2654297042,42,Ereğli Müzesi,https://upload.wikimedia.org/wikipedia/commons/thumb/6/6f/Ere%C4%9Fli_Museum.jpg/1280px-Ere%C4%9Fli_Museum.jpg?utm_source=commons.wikimedia.org&utm_campaign=imageinfo&utm_content=thumbnail,Nedim Ardoğa,CC BY-SA 4.0,https://commons.wikimedia.org/wiki/File:Ere%C4%9Fli_Museum.jpg
way/264740887,42,İnce Minare Müzesi,https://upload.wikimedia.org/wikipedia/commons/thumb/2/27/Ince_Minareli_Medrese_01.jpg/1280px-Ince_Minareli_Medrese_01.jpg?utm_source=commons.wikimedia.org&utm_campaign=imageinfo&utm_content=thumbnail,Bernard Gagnon,CC BY-SA 3.0,https://commons.wikimedia.org/wiki/File:Ince_Minareli_Medrese_01.jpg
way/281983893,42,İzzet Koyunoğlu Şehir Müzesi,https://upload.wikimedia.org/wikipedia/commons/thumb/3/33/Konya_%C4%B0zzet_Koyuno%C4%9Flu_%C5%9Eehir_M%C3%BCzesi_Ottoman_interior_3384.jpg/1280px-Konya_%C4%B0zzet_Koyuno%C4%9Flu_%C5%9Eehir_M%C3%BCzesi_Ottoman_interior_3384.jpg?utm_source=commons.wikimedia.org&utm_campaign=imageinfo&utm_content=thumbnail,Dosseman,CC BY-SA 4.0,https://commons.wikimedia.org/wiki/File:Konya_%C4%B0zzet_Koyuno%C4%9Flu_%C5%9Eehir_M%C3%BCzesi_Ottoman_interior_3384.jpg
way/290648759,42,Atatürk Evi Müzesi,https://upload.wikimedia.org/wikipedia/commons/thumb/2/20/Konya_Atat%C3%BCrk_Evi_M%C3%BCzesi.jpg/1280px-Konya_Atat%C3%BCrk_Evi_M%C3%BCzesi.jpg?utm_source=commons.wikimedia.org&utm_campaign=imageinfo&utm_content=thumbnail,Mkurtel,CC BY-SA 4.0,https://commons.wikimedia.org/wiki/File:Konya_Atat%C3%BCrk_Evi_M%C3%BCzesi.jpg
way/366780475,42,Konya Arkeoloji Müzesi,https://upload.wikimedia.org/wikipedia/commons/thumb/6/68/Konya_Archaeological_Museum%2C_Turkey_03.jpg/1280px-Konya_Archaeological_Museum%2C_Turkey_03.jpg?utm_source=commons.wikimedia.org&utm_campaign=imageinfo&utm_content=thumbnail,Murat Özsoy 1958,CC BY-SA 4.0,"https://commons.wikimedia.org/wiki/File:Konya_Archaeological_Museum,_Turkey_03.jpg"
way/441675118,42,Batı Cephesi Karargahı müzesi,https://upload.wikimedia.org/wikipedia/commons/thumb/3/31/M%C3%BCze_03.jpg/1280px-M%C3%BCze_03.jpg?utm_source=commons.wikimedia.org&utm_campaign=imageinfo&utm_content=thumbnail,Nabbegat,CC BY-SA 4.0,https://commons.wikimedia.org/wiki/File:M%C3%BCze_03.jpg
way/491583514,42,Mevlâna Müzesi,https://upload.wikimedia.org/wikipedia/commons/thumb/d/d7/Molavi1.JPG/1280px-Molavi1.JPG?utm_source=commons.wikimedia.org&utm_campaign=imageinfo&utm_content=thumbnail,User:دانقولا,CC0,https://commons.wikimedia.org/wiki/File:Molavi1.JPG
way/823558298,42,Konya Tropikal Kelebek Bahçesi,https://upload.wikimedia.org/wikipedia/commons/thumb/8/8b/Konya_Tropical_Butterfly_Garden_6.jpg/1280px-Konya_Tropical_Butterfly_Garden_6.jpg?utm_source=commons.wikimedia.org&utm_campaign=imageinfo&utm_content=thumbnail,Satirdan kahraman,CC0,https://commons.wikimedia.org/wiki/File:Konya_Tropical_Butterfly_Garden_6.jpg
relation/5813421,42,Sırçalı Medrese Mezar Anıtları Müzesi,https://upload.wikimedia.org/wikipedia/commons/a/a8/Sirchali_Medrese_1913.png?utm_source=commons.wikimedia.org&utm_campaign=imageinfo&utm_content=thumbnail_unscaled,Unknown authorUnknown author,Public domain,https://commons.wikimedia.org/wiki/File:Sirchali_Medrese_1913.png
relation/13763858,42,Mevlâna Müzesi,https://upload.wikimedia.org/wikipedia/commons/thumb/d/d7/Molavi1.JPG/1280px-Molavi1.JPG?utm_source=commons.wikimedia.org&utm_campaign=imageinfo&utm_content=thumbnail,User:دانقولا,CC0,https://commons.wikimedia.org/wiki/File:Molavi1.JPG
way/729254849,44,Malatya Müzesi,https://upload.wikimedia.org/wikipedia/commons/thumb/9/92/MalatyaMuseum.jpg/1280px-MalatyaMuseum.jpg?utm_source=commons.wikimedia.org&utm_campaign=imageinfo&utm_content=thumbnail,Klaus-Peter Simon,CC BY-SA 3.0,https://commons.wikimedia.org/wiki/File:MalatyaMuseum.jpg
way/1049986979,45,Taş Fabrika,https://upload.wikimedia.org/wikipedia/commons/thumb/6/65/Ta%C5%9F_Fabrika.jpg/1280px-Ta%C5%9F_Fabrika.jpg?utm_source=commons.wikimedia.org&utm_campaign=imageinfo&utm_content=thumbnail,Okansoyluturk,CC BY-SA 4.0,https://commons.wikimedia.org/wiki/File:Ta%C5%9F_Fabrika.jpg
relation/18387490,45,Manisa Müzesi,https://upload.wikimedia.org/wikipedia/commons/thumb/5/53/Manisa_Museum_01.jpg/1280px-Manisa_Museum_01.jpg?utm_source=commons.wikimedia.org&utm_campaign=imageinfo&utm_content=thumbnail,Koray,CC BY-SA 4.0,https://commons.wikimedia.org/wiki/File:Manisa_Museum_01.jpg
node/11980754538,47,Mardin Müzesi,https://upload.wikimedia.org/wikipedia/commons/thumb/c/c5/Mardin_P1050137_20080426105032.JPG/1280px-Mardin_P1050137_20080426105032.JPG?utm_source=commons.wikimedia.org&utm_campaign=imageinfo&utm_content=thumbnail,Nevit Dilmen,CC BY-SA 3.0,https://commons.wikimedia.org/wiki/File:Mardin_P1050137_20080426105032.JPG
node/4942649709,48,Zeki Müren Sanat Müzesi,https://upload.wikimedia.org/wikipedia/commons/thumb/9/94/Zeki_M%C3%BCren_Sanat_M%C3%BCzesi_04.jpg/1280px-Zeki_M%C3%BCren_Sanat_M%C3%BCzesi_04.jpg?utm_source=commons.wikimedia.org&utm_campaign=imageinfo&utm_content=thumbnail,Gargarapalvin,CC BY 4.0,https://commons.wikimedia.org/wiki/File:Zeki_M%C3%BCren_Sanat_M%C3%BCzesi_04.jpg
way/600905942,48,Milas Müzesi,https://upload.wikimedia.org/wikipedia/commons/d/d8/Milasmus.jpg?utm_source=commons.wikimedia.org&utm_campaign=imageinfo&utm_content=thumbnail_unscaled,Original uploader was Hibou at de.wikipedia,CC BY-SA 3.0,https://commons.wikimedia.org/wiki/File:Milasmus.jpg
way/1051235983,48,Fethiye Müzesi,https://upload.wikimedia.org/wikipedia/commons/thumb/3/3a/Fethiye_Archaeological_Museum_-_2.jpg/1280px-Fethiye_Archaeological_Museum_-_2.jpg?utm_source=commons.wikimedia.org&utm_campaign=imageinfo&utm_content=thumbnail,Harald the Bard,CC BY-SA 4.0,https://commons.wikimedia.org/wiki/File:Fethiye_Archaeological_Museum_-_2.jpg
way/1211500967,48,Bodrum Antik Tiyatrosu,https://upload.wikimedia.org/wikipedia/commons/thumb/b/b6/The_theatre_of_ancient_Halicarnassus%2C_built_in_the_4th_century_BC_during_the_reign_of_King_Mausolos_and_enlarged_in_the_2nd_century_AD%2C_the_original_capacity_of_the_theatre_was_10%2C000%2C_Bodrum%2C_Turkey_%2816456817694%29.jpg/1280px-thumbnail.jpg?utm_source=commons.wikimedia.org&utm_campaign=imageinfo&utm_content=thumbnail,"Carole Raddato from FRANKFURT, Germany",CC BY-SA 2.0,"https://commons.wikimedia.org/wiki/File:The_theatre_of_ancient_Halicarnassus,_built_in_the_4th_century_BC_during_the_reign_of_King_Mausolos_and_enlarged_in_the_2nd_century_AD,_the_original_capacity_of_the_theatre_was_10,000,_Bodrum,_Turkey_(16456817694).jpg"
relation/9685368,48,Muğla Müzesi,https://upload.wikimedia.org/wikipedia/commons/2/2a/Mus%C3%A9e_de_Mu%C4%9Fla_%282841791957%29.jpg?utm_source=commons.wikimedia.org&utm_campaign=imageinfo&utm_content=thumbnail_unscaled,mwanasimba from La Réunion,CC BY-SA 2.0,https://commons.wikimedia.org/wiki/File:Mus%C3%A9e_de_Mu%C4%9Fla_(2841791957).jpg
way/26045752,50,Göreme Açık Hava Müzesi,https://upload.wikimedia.org/wikipedia/commons/thumb/e/e5/G%C3%B6reme_Valley_in_Cappadocia_edit1.jpg/1280px-G%C3%B6reme_Valley_in_Cappadocia_edit1.jpg?utm_source=commons.wikimedia.org&utm_campaign=imageinfo&utm_content=thumbnail,Brocken Inaglory,CC BY-SA 3.0,https://commons.wikimedia.org/wiki/File:G%C3%B6reme_Valley_in_Cappadocia_edit1.jpg
way/233586090,50,Nevşehir Müzesi,https://upload.wikimedia.org/wikipedia/commons/thumb/d/db/Nev%C5%9Fehir_museum_in_2019_1556.jpg/1280px-Nev%C5%9Fehir_museum_in_2019_1556.jpg?utm_source=commons.wikimedia.org&utm_campaign=imageinfo&utm_content=thumbnail,Dosseman,CC BY-SA 4.0,https://commons.wikimedia.org/wiki/File:Nev%C5%9Fehir_museum_in_2019_1556.jpg
way/1223946040,53,Rize Atatürk Evi Müzesi,https://upload.wikimedia.org/wikipedia/commons/thumb/b/b3/Rize_Atat%C3%BCrk_House_and_Ethnography_museum_in_2006_4586.jpg/1280px-Rize_Atat%C3%BCrk_House_and_Ethnography_museum_in_2006_4586.jpg?utm_source=commons.wikimedia.org&utm_campaign=imageinfo&utm_content=thumbnail,Dosseman,CC BY-SA 4.0,https://commons.wikimedia.org/wiki/File:Rize_Atat%C3%BCrk_House_and_Ethnography_museum_in_2006_4586.jpg
way/824625647,54,Deprem Müzesi,https://upload.wikimedia.org/wikipedia/commons/thumb/2/21/TR_Sakarya_asv2021-10_img08_Earthquake_Museum.jpg/1280px-TR_Sakarya_asv2021-10_img08_Earthquake_Museum.jpg?utm_source=commons.wikimedia.org&utm_campaign=imageinfo&utm_content=thumbnail,A.Savin,FAL,https://commons.wikimedia.org/wiki/File:TR_Sakarya_asv2021-10_img08_Earthquake_Museum.jpg
way/1041058392,54,Sakarya Uçak Cafe,https://upload.wikimedia.org/wikipedia/commons/thumb/7/78/TR_Sakarya_asv2021-10_img16_Urban_Park.jpg/1280px-TR_Sakarya_asv2021-10_img16_Urban_Park.jpg?utm_source=commons.wikimedia.org&utm_campaign=imageinfo&utm_content=thumbnail,A.Savin,FAL,https://commons.wikimedia.org/wiki/File:TR_Sakarya_asv2021-10_img16_Urban_Park.jpg
way/229763876,57,Sinop Arkeoloji Müzesi,https://upload.wikimedia.org/wikipedia/commons/thumb/0/0c/Sinop_Museum_entrance.jpg/1280px-Sinop_Museum_entrance.jpg?utm_source=commons.wikimedia.org&utm_campaign=imageinfo&utm_content=thumbnail,Robot8A,CC BY-SA 4.0,https://commons.wikimedia.org/wiki/File:Sinop_Museum_entrance.jpg
relation/11763662,57,Tarihî Sinop Cezaevi,https://upload.wikimedia.org/wikipedia/commons/thumb/9/91/Sinop_Tarihi_Cezaevi_1.JPG/1280px-Sinop_Tarihi_Cezaevi_1.JPG?utm_source=commons.wikimedia.org&utm_campaign=imageinfo&utm_content=thumbnail,Basak,CC BY-SA 4.0,https://commons.wikimedia.org/wiki/File:Sinop_Tarihi_Cezaevi_1.JPG
way/443114316,58,Sivas Arkeoloji Müzesi,https://upload.wikimedia.org/wikipedia/commons/thumb/8/82/Sivas_Museum_01.jpg/1280px-Sivas_Museum_01.jpg?utm_source=commons.wikimedia.org&utm_campaign=imageinfo&utm_content=thumbnail,Ingeborg Simon,CC BY-SA 3.0,https://commons.wikimedia.org/wiki/File:Sivas_Museum_01.jpg
relation/19145891,58,Kongre Müzesi,https://upload.wikimedia.org/wikipedia/commons/c/c1/004_KongreM%C3%BCzesi.07.2006_resize.JPG?utm_source=commons.wikimedia.org&utm_campaign=imageinfo&utm_content=thumbnail_unscaled,Avniyazici,CC BY-SA 3.0,https://commons.wikimedia.org/wiki/File:004_KongreM%C3%BCzesi.07.2006_resize.JPG
way/614302702,59,Rakoczi Müzesi,https://upload.wikimedia.org/wikipedia/commons/thumb/8/8a/Rodost%C3%B3%2C_R%C3%A1k%C3%B3czi_M%C3%BAzeum_2024_03.jpg/1280px-Rodost%C3%B3%2C_R%C3%A1k%C3%B3czi_M%C3%BAzeum_2024_03.jpg?utm_source=commons.wikimedia.org&utm_campaign=imageinfo&utm_content=thumbnail,Pasztilla aka Attila Terbócs,CC BY-SA 4.0,"https://commons.wikimedia.org/wiki/File:Rodost%C3%B3,_R%C3%A1k%C3%B3czi_M%C3%BAzeum_2024_03.jpg"
way/614306141,59,Tekirdağ Arkeoloji ve Etnografya Müzesi,https://upload.wikimedia.org/wikipedia/commons/thumb/a/a6/Tekirda%C4%9F_Museum_of_Archaeology_and_Ethnography_%2802%29.JPG/1280px-Tekirda%C4%9F_Museum_of_Archaeology_and_Ethnography_%2802%29.JPG?utm_source=commons.wikimedia.org&utm_campaign=imageinfo&utm_content=thumbnail,CeeGee,CC BY-SA 4.0,https://commons.wikimedia.org/wiki/File:Tekirda%C4%9F_Museum_of_Archaeology_and_Ethnography_(02).JPG
way/278850858,61,Atatürk Köşkü,https://upload.wikimedia.org/wikipedia/commons/2/29/Atatiurko_namas.jpg?utm_source=commons.wikimedia.org&utm_campaign=imageinfo&utm_content=thumbnail_unscaled,Aleksasfi,Public domain,https://commons.wikimedia.org/wiki/File:Atatiurko_namas.jpg
way/391978296,61,Alacahan,https://upload.wikimedia.org/wikipedia/commons/thumb/0/04/Trabzon%2C_corte_mercantile_dell%27alaca_han%2C_cortile_05%2C0.jpg/1280px-Trabzon%2C_corte_mercantile_dell%27alaca_han%2C_cortile_05%2C0.jpg?utm_source=commons.wikimedia.org&utm_campaign=imageinfo&utm_content=thumbnail,Francesco Bini,CC BY-SA 4.0,"https://commons.wikimedia.org/wiki/File:Trabzon,_corte_mercantile_dell%27alaca_han,_cortile_05,0.jpg"
way/391984327,61,Trabzon Müzesi,https://upload.wikimedia.org/wikipedia/commons/thumb/c/ca/Trabzon_museum.jpg/1280px-Trabzon_museum.jpg?utm_source=commons.wikimedia.org&utm_campaign=imageinfo&utm_content=thumbnail,Radosław Botev,Attribution,https://commons.wikimedia.org/wiki/File:Trabzon_museum.jpg
way/391989869,61,Çok Amaçı Salon (St. John Kilisesi),https://upload.wikimedia.org/wikipedia/commons/thumb/8/89/Kaledibi_Kilisesi_1.jpg/1280px-Kaledibi_Kilisesi_1.jpg?utm_source=commons.wikimedia.org&utm_campaign=imageinfo&utm_content=thumbnail,Ali Osman Dilekoğlu,CC BY-SA 4.0,https://commons.wikimedia.org/wiki/File:Kaledibi_Kilisesi_1.jpg
relation/6680755,62,Tunceli Müzesi,https://upload.wikimedia.org/wikipedia/commons/thumb/a/a3/Dersim_M%C3%BCzesi%2C_Tunceli.jpg/1280px-Dersim_M%C3%BCzesi%2C_Tunceli.jpg?utm_source=commons.wikimedia.org&utm_campaign=imageinfo&utm_content=thumbnail,Bodrumlu60,CC BY-SA 4.0,"https://commons.wikimedia.org/wiki/File:Dersim_M%C3%BCzesi,_Tunceli.jpg"
way/193118073,63,Haleplibahçe Mozaik Müzesi,https://upload.wikimedia.org/wikipedia/commons/thumb/e/e9/Haleplibah%C3%A7e_Mozaik_M%C3%BCzesi.jpg/1280px-Haleplibah%C3%A7e_Mozaik_M%C3%BCzesi.jpg?utm_source=commons.wikimedia.org&utm_campaign=imageinfo&utm_content=thumbnail,Cobija,CC BY-SA 4.0,https://commons.wikimedia.org/wiki/File:Haleplibah%C3%A7e_Mozaik_M%C3%BCzesi.jpg
relation/7745955,63,Şanlıurfa Arkeoloji Müzesi,https://upload.wikimedia.org/wikipedia/commons/thumb/2/2a/%C5%9Eanl%C4%B1urfa_M%C3%BCzesi.jpg/1280px-%C5%9Eanl%C4%B1urfa_M%C3%BCzesi.jpg?utm_source=commons.wikimedia.org&utm_campaign=imageinfo&utm_content=thumbnail,Cobija,CC BY-SA 4.0,https://commons.wikimedia.org/wiki/File:%C5%9Eanl%C4%B1urfa_M%C3%BCzesi.jpg
way/895580700,65,Van Müzesi,https://upload.wikimedia.org/wikipedia/commons/9/97/Van_Museum_building.jpg?utm_source=commons.wikimedia.org&utm_campaign=imageinfo&utm_content=thumbnail_unscaled,Clemens Schmillen,CC BY-SA 4.0,https://commons.wikimedia.org/wiki/File:Van_Museum_building.jpg
way/359634500,68,Aksaray Müzesi,https://upload.wikimedia.org/wikipedia/commons/thumb/b/b6/Aksaray_Museum01.jpg/1280px-Aksaray_Museum01.jpg?utm_source=commons.wikimedia.org&utm_campaign=imageinfo&utm_content=thumbnail,Ingeborg Simon,CC BY-SA 3.0,https://commons.wikimedia.org/wiki/File:Aksaray_Museum01.jpg
way/643162671,69,Baksı Müzesi,https://upload.wikimedia.org/wikipedia/commons/0/07/Baksimuseum.jpg?utm_source=commons.wikimedia.org&utm_campaign=imageinfo&utm_content=thumbnail_unscaled,M4x3m1l14n,CC BY-SA 4.0,https://commons.wikimedia.org/wiki/File:Baksimuseum.jpg
way/998973655,70,Karaman Müzesi,https://upload.wikimedia.org/wikipedia/commons/thumb/b/b9/Karaman_M%C3%BCze_02.jpg/1280px-Karaman_M%C3%BCze_02.jpg?utm_source=commons.wikimedia.org&utm_campaign=imageinfo&utm_content=thumbnail,Ingeborg Simon,CC BY-SA 3.0,https://commons.wikimedia.org/wiki/File:Karaman_M%C3%BCze_02.jpg
way/370875212,74,Amasra Müzesi,https://upload.wikimedia.org/wikipedia/commons/thumb/c/ce/Amasra_Museum.jpg/1280px-Amasra_Museum.jpg?utm_source=commons.wikimedia.org&utm_campaign=imageinfo&utm_content=thumbnail,Nedim Ardoğa,CC BY-SA 4.0,https://commons.wikimedia.org/wiki/File:Amasra_Museum.jpg
node/2902366795,81,Konuralp Müzesi,https://upload.wikimedia.org/wikipedia/commons/thumb/3/35/Prusias_ad_Hypium_46.jpg/1280px-Prusias_ad_Hypium_46.jpg?utm_source=commons.wikimedia.org&utm_campaign=imageinfo&utm_content=thumbnail,Ingeborg Simon,CC BY-SA 3.0,https://commons.wikimedia.org/wiki/File:Prusias_ad_Hypium_46.jpg
