mekan,il,website,kaynak_url,kalem,fiyat
360 Istanbul,,https://360istanbul.com,https://360istanbul.com/web_menu_pdf/dinner_sushi_menu_en.pdf,RED LENTIL DUMPLING,400.0
360 Istanbul,,https://360istanbul.com,https://360istanbul.com/web_menu_pdf/dinner_sushi_menu_en.pdf,BEETROOT HUMMUS,400.0
360 Istanbul,,https://360istanbul.com,https://360istanbul.com/web_menu_pdf/dinner_sushi_menu_en.pdf,ANATOLIAN CHEESE PLATTER,1350.0
360 Istanbul,,https://360istanbul.com,https://360istanbul.com/web_menu_pdf/dinner_sushi_menu_en.pdf,CRISP SHRIMP PURI SPHERES,800.0
360 Istanbul,,https://360istanbul.com,https://360istanbul.com/web_menu_pdf/dinner_sushi_menu_en.pdf,Zucchini Flower Dolma,550.0
360 Istanbul,,https://360istanbul.com,https://360istanbul.com/web_menu_pdf/dinner_sushi_menu_en.pdf,HOUSE CURED BEEF BRESAOLA,800.0
360 Istanbul,,https://360istanbul.com,https://360istanbul.com/web_menu_pdf/dinner_sushi_menu_en.pdf,CHEESE CROUQUETAS,700.0
360 Istanbul,,https://360istanbul.com,https://360istanbul.com/web_menu_pdf/dinner_sushi_menu_en.pdf,SALT & PEPPER CALAMARİ,750.0
360 Istanbul,,https://360istanbul.com,https://360istanbul.com/web_menu_pdf/dinner_sushi_menu_en.pdf,GRATİN AUBERGİNE WİTH FETA CHEESE,550.0
360 Istanbul,,https://360istanbul.com,https://360istanbul.com/web_menu_pdf/dinner_sushi_menu_en.pdf,DUCK SAMOSA,450.0
360 Istanbul,,https://360istanbul.com,https://360istanbul.com/web_menu_pdf/dinner_sushi_menu_en.pdf,QUİNOA SALAD,850.0
360 Istanbul,,https://360istanbul.com,https://360istanbul.com/web_menu_pdf/dinner_sushi_menu_en.pdf,TOMATO AND ARUGULA,700.0
360 Istanbul,,https://360istanbul.com,https://360istanbul.com/web_menu_pdf/dinner_sushi_menu_en.pdf,CROQUETS,730.0
360 Istanbul,,https://360istanbul.com,https://360istanbul.com/web_menu_pdf/dinner_sushi_menu_en.pdf,SALMON CEVICHE SALAD,800.0
Cozy Etiler,,https://cozyistanbul.com.tr,https://cozyistanbul.com.tr/wp-content/uploads/2025/06/Cozy-Menü-Mayis-Revize.pdf,TRÜFLÜ PİDE,900.0
Cozy Etiler,,https://cozyistanbul.com.tr,https://cozyistanbul.com.tr/wp-content/uploads/2025/06/Cozy-Menü-Mayis-Revize.pdf,YANIK TİRAMİSU SUNDAE,490.0
Cozy Etiler,,https://cozyistanbul.com.tr,https://cozyistanbul.com.tr/wp-content/uploads/2025/06/Cozy-Menü-Mayis-Revize.pdf,CHOUQUETTES,340.0
Cozy Etiler,,https://cozyistanbul.com.tr,https://cozyistanbul.com.tr/wp-content/uploads/2025/06/Cozy-Menü-Mayis-Revize.pdf,ÇİKOLATA MOUSSE,380.0
Cozy Etiler,,https://cozyistanbul.com.tr,https://cozyistanbul.com.tr/wp-content/uploads/2025/06/Cozy-Menü-Mayis-Revize.pdf,BAKED ALASKA,430.0
Cozy Etiler,,https://cozyistanbul.com.tr,https://cozyistanbul.com.tr/wp-content/uploads/2025/06/Cozy-Menü-Mayis-Revize.pdf,MAVİ KUYRUK KARİDES,1250.0
Cozy Etiler,,https://cozyistanbul.com.tr,https://cozyistanbul.com.tr/wp-content/uploads/2025/06/Cozy-Menü-Mayis-Revize.pdf,DANA KABURGA,1250.0
Cozy Etiler,,https://cozyistanbul.com.tr,https://cozyistanbul.com.tr/wp-content/uploads/2025/06/Cozy-Menü-Mayis-Revize.pdf,LEVREK,1250.0
Cozy Etiler,,https://cozyistanbul.com.tr,https://cozyistanbul.com.tr/wp-content/uploads/2025/06/Cozy-Menü-Mayis-Revize.pdf,STEAK FRITES,1420.0
Cozy Etiler,,https://cozyistanbul.com.tr,https://cozyistanbul.com.tr/wp-content/uploads/2025/06/Cozy-Menü-Mayis-Revize.pdf,ROTİ BUTTER TAVUK BUT,850.0
Cozy Etiler,,https://cozyistanbul.com.tr,https://cozyistanbul.com.tr/wp-content/uploads/2025/06/Cozy-Menü-Mayis-Revize.pdf,ET ŞİNİTZEL,1050.0
Cozy Etiler,,https://cozyistanbul.com.tr,https://cozyistanbul.com.tr/wp-content/uploads/2025/06/Cozy-Menü-Mayis-Revize.pdf,COZY IZGARA KÖFTE,980.0
Cozy Etiler,,https://cozyistanbul.com.tr,https://cozyistanbul.com.tr/wp-content/uploads/2025/06/Cozy-Menü-Mayis-Revize.pdf,ÇITIR TAVUK,780.0
Cozy Etiler,,https://cozyistanbul.com.tr,https://cozyistanbul.com.tr/wp-content/uploads/2025/06/Cozy-Menü-Mayis-Revize.pdf,TABAĞI,840.0
Cozy Etiler,,https://cozyistanbul.com.tr,https://cozyistanbul.com.tr/wp-content/uploads/2025/06/Cozy-Menü-Mayis-Revize.pdf,KIZARMIŞ ASLAN BALIĞI,900.0
Cozy Etiler,,https://cozyistanbul.com.tr,https://cozyistanbul.com.tr/wp-content/uploads/2025/06/Cozy-Menü-Mayis-Revize.pdf,ÇITIR MÜCVER PİDE,880.0
Cozy Etiler,,https://cozyistanbul.com.tr,https://cozyistanbul.com.tr/wp-content/uploads/2025/06/Cozy-Menü-Mayis-Revize.pdf,YAZ SEBZELİ RIGATE,700.0
Cozy Etiler,,https://cozyistanbul.com.tr,https://cozyistanbul.com.tr/wp-content/uploads/2025/06/Cozy-Menü-Mayis-Revize.pdf,DENİZ MAHSÜLLÜ TAGLIARINI,1150.0
Cozy Etiler,,https://cozyistanbul.com.tr,https://cozyistanbul.com.tr/wp-content/uploads/2025/06/Cozy-Menü-Mayis-Revize.pdf,PEYNİRLİ RAVIOLI,790.0
Cozy Etiler,,https://cozyistanbul.com.tr,https://cozyistanbul.com.tr/wp-content/uploads/2025/06/Cozy-Menü-Mayis-Revize.pdf,MARGHERITA,610.0
Cozy Etiler,,https://cozyistanbul.com.tr,https://cozyistanbul.com.tr/wp-content/uploads/2025/06/Cozy-Menü-Mayis-Revize.pdf,MANTAR PİZZA,790.0
Cozy Etiler,,https://cozyistanbul.com.tr,https://cozyistanbul.com.tr/wp-content/uploads/2025/06/Cozy-Menü-Mayis-Revize.pdf,PROSCIUTTO PİZZA,1300.0
Cozy Etiler,,https://cozyistanbul.com.tr,https://cozyistanbul.com.tr/wp-content/uploads/2025/06/Cozy-Menü-Mayis-Revize.pdf,BBQ TİFTİK ETLİ PİZZA,1150.0
Cozy Etiler,,https://cozyistanbul.com.tr,https://cozyistanbul.com.tr/wp-content/uploads/2025/06/Cozy-Menü-Mayis-Revize.pdf,ACILI PEPPERONİ PİZZA,980.0
Cozy Etiler,,https://cozyistanbul.com.tr,https://cozyistanbul.com.tr/wp-content/uploads/2025/06/Cozy-Menü-Mayis-Revize.pdf,AVOKADO TOSTADA,950.0
Cozy Etiler,,https://cozyistanbul.com.tr,https://cozyistanbul.com.tr/wp-content/uploads/2025/06/Cozy-Menü-Mayis-Revize.pdf,TARTAR TRIO,900.0
Cozy Etiler,,https://cozyistanbul.com.tr,https://cozyistanbul.com.tr/wp-content/uploads/2025/06/Cozy-Menü-Mayis-Revize.pdf,KIRMIZI KARİDES CARPACIO,1200.0
Cozy Etiler,,https://cozyistanbul.com.tr,https://cozyistanbul.com.tr/wp-content/uploads/2025/06/Cozy-Menü-Mayis-Revize.pdf,ET TARTAR,1060.0
Cozy Etiler,,https://cozyistanbul.com.tr,https://cozyistanbul.com.tr/wp-content/uploads/2025/06/Cozy-Menü-Mayis-Revize.pdf,ET TATAKI,980.0
Cozy Etiler,,https://cozyistanbul.com.tr,https://cozyistanbul.com.tr/wp-content/uploads/2025/06/Cozy-Menü-Mayis-Revize.pdf,KÖZLENMİŞ BEZELYE & ENGİNAR EZMESİ,730.0
Cozy Etiler,,https://cozyistanbul.com.tr,https://cozyistanbul.com.tr/wp-content/uploads/2025/06/Cozy-Menü-Mayis-Revize.pdf,FIRIN PANCAR CARPACCIO,680.0
Cozy Etiler,,https://cozyistanbul.com.tr,https://cozyistanbul.com.tr/wp-content/uploads/2025/06/Cozy-Menü-Mayis-Revize.pdf,KUMKUATLI KABAK CARPACCIO,780.0
Cozy Etiler,,https://cozyistanbul.com.tr,https://cozyistanbul.com.tr/wp-content/uploads/2025/06/Cozy-Menü-Mayis-Revize.pdf,COZY YEŞİL SALATA,580.0
Cozy Etiler,,https://cozyistanbul.com.tr,https://cozyistanbul.com.tr/wp-content/uploads/2025/06/Cozy-Menü-Mayis-Revize.pdf,YAZ SALATASI,680.0
Cozy Etiler,,https://cozyistanbul.com.tr,https://cozyistanbul.com.tr/wp-content/uploads/2025/06/Cozy-Menü-Mayis-Revize.pdf,VEGAN PİZZA,840.0
Cozy Etiler,,https://cozyistanbul.com.tr,https://cozyistanbul.com.tr/wp-content/uploads/2025/06/Cozy-Menü-Mayis-Revize.pdf,REZENELİ BEBEK ENGİNAR SALATASI,750.0
Cozy Etiler,,https://cozyistanbul.com.tr,https://cozyistanbul.com.tr/wp-content/uploads/2025/06/Cozy-Menü-Mayis-Revize.pdf,+ Izgara Tavuk,320.0
Cozy Etiler,,https://cozyistanbul.com.tr,https://cozyistanbul.com.tr/wp-content/uploads/2025/06/Cozy-Menü-Mayis-Revize.pdf,Sorbet kan portakalı,180.0
Cozy Etiler,,https://cozyistanbul.com.tr,https://cozyistanbul.com.tr/wp-content/uploads/2025/06/Cozy-Menü-Mayis-Revize.pdf,SEZAR SALATA,620.0
Cozy Etiler,,https://cozyistanbul.com.tr,https://cozyistanbul.com.tr/wp-content/uploads/2025/06/Cozy-Menü-Mayis-Revize.pdf,KARİDES DUMPLING,850.0
Cozy Etiler,,https://cozyistanbul.com.tr,https://cozyistanbul.com.tr/wp-content/uploads/2025/06/Cozy-Menü-Mayis-Revize.pdf,TRUFFLE PIDE,900.0
Cozy Etiler,,https://cozyistanbul.com.tr,https://cozyistanbul.com.tr/wp-content/uploads/2025/06/Cozy-Menü-Mayis-Revize.pdf,BURNT TIRAMISU SUNDAE,490.0
Cozy Etiler,,https://cozyistanbul.com.tr,https://cozyistanbul.com.tr/wp-content/uploads/2025/06/Cozy-Menü-Mayis-Revize.pdf,CHOCOLATE MOUSSE,380.0
Cozy Etiler,,https://cozyistanbul.com.tr,https://cozyistanbul.com.tr/wp-content/uploads/2025/06/Cozy-Menü-Mayis-Revize.pdf,BEEF RIBS,1250.0
Cozy Etiler,,https://cozyistanbul.com.tr,https://cozyistanbul.com.tr/wp-content/uploads/2025/06/Cozy-Menü-Mayis-Revize.pdf,SEA BASS,1250.0
Cozy Etiler,,https://cozyistanbul.com.tr,https://cozyistanbul.com.tr/wp-content/uploads/2025/06/Cozy-Menü-Mayis-Revize.pdf,ROTI BUTTER CHICKEN,850.0
Cozy Etiler,,https://cozyistanbul.com.tr,https://cozyistanbul.com.tr/wp-content/uploads/2025/06/Cozy-Menü-Mayis-Revize.pdf,BEEF SCHNITZEL,1050.0
Cozy Etiler,,https://cozyistanbul.com.tr,https://cozyistanbul.com.tr/wp-content/uploads/2025/06/Cozy-Menü-Mayis-Revize.pdf,COZY GRILLED MEATBALLS,980.0
Cozy Etiler,,https://cozyistanbul.com.tr,https://cozyistanbul.com.tr/wp-content/uploads/2025/06/Cozy-Menü-Mayis-Revize.pdf,CRISPY CHICKEN,780.0
Cozy Etiler,,https://cozyistanbul.com.tr,https://cozyistanbul.com.tr/wp-content/uploads/2025/06/Cozy-Menü-Mayis-Revize.pdf,CRISPY SEAFOOD PLATE,840.0
Cozy Etiler,,https://cozyistanbul.com.tr,https://cozyistanbul.com.tr/wp-content/uploads/2025/06/Cozy-Menü-Mayis-Revize.pdf,FRIED LIONFISH,900.0
Cozy Etiler,,https://cozyistanbul.com.tr,https://cozyistanbul.com.tr/wp-content/uploads/2025/06/Cozy-Menü-Mayis-Revize.pdf,CRISPY ZUCCHINI FRITTER PIDE,880.0
Cozy Etiler,,https://cozyistanbul.com.tr,https://cozyistanbul.com.tr/wp-content/uploads/2025/06/Cozy-Menü-Mayis-Revize.pdf,SUMMER VEGETABLE RIGATE,700.0
Cozy Etiler,,https://cozyistanbul.com.tr,https://cozyistanbul.com.tr/wp-content/uploads/2025/06/Cozy-Menü-Mayis-Revize.pdf,SEAFOOD TAGLIARINI,1150.0
Cozy Etiler,,https://cozyistanbul.com.tr,https://cozyistanbul.com.tr/wp-content/uploads/2025/06/Cozy-Menü-Mayis-Revize.pdf,CHEESE RAVIOLI,790.0
Cozy Etiler,,https://cozyistanbul.com.tr,https://cozyistanbul.com.tr/wp-content/uploads/2025/06/Cozy-Menü-Mayis-Revize.pdf,MUSHROOM PIZZA,790.0
Cozy Etiler,,https://cozyistanbul.com.tr,https://cozyistanbul.com.tr/wp-content/uploads/2025/06/Cozy-Menü-Mayis-Revize.pdf,PROSCIUTTO PIZZA,1300.0
Cozy Etiler,,https://cozyistanbul.com.tr,https://cozyistanbul.com.tr/wp-content/uploads/2025/06/Cozy-Menü-Mayis-Revize.pdf,BBQ PULLED BEEF PIZZA,1150.0
Cozy Etiler,,https://cozyistanbul.com.tr,https://cozyistanbul.com.tr/wp-content/uploads/2025/06/Cozy-Menü-Mayis-Revize.pdf,SPICY PEPPERONI PIZZA,980.0
Cozy Etiler,,https://cozyistanbul.com.tr,https://cozyistanbul.com.tr/wp-content/uploads/2025/06/Cozy-Menü-Mayis-Revize.pdf,AVOCADO TOSTADA,950.0
Cozy Etiler,,https://cozyistanbul.com.tr,https://cozyistanbul.com.tr/wp-content/uploads/2025/06/Cozy-Menü-Mayis-Revize.pdf,CHARRED PEA & ARTICHOKE PURÉE,730.0
Cozy Etiler,,https://cozyistanbul.com.tr,https://cozyistanbul.com.tr/wp-content/uploads/2025/06/Cozy-Menü-Mayis-Revize.pdf,ROASTED BEET CARPACCIO,680.0
Cozy Etiler,,https://cozyistanbul.com.tr,https://cozyistanbul.com.tr/wp-content/uploads/2025/06/Cozy-Menü-Mayis-Revize.pdf,KUMQUAT ZUCCHINI CARPACCIO,780.0
Cozy Etiler,,https://cozyistanbul.com.tr,https://cozyistanbul.com.tr/wp-content/uploads/2025/06/Cozy-Menü-Mayis-Revize.pdf,COZY GREEN SALAD,580.0
Cozy Etiler,,https://cozyistanbul.com.tr,https://cozyistanbul.com.tr/wp-content/uploads/2025/06/Cozy-Menü-Mayis-Revize.pdf,SUMMER SALAD,680.0
Cozy Etiler,,https://cozyistanbul.com.tr,https://cozyistanbul.com.tr/wp-content/uploads/2025/06/Cozy-Menü-Mayis-Revize.pdf,VEGAN PIZZA,840.0
Cozy Etiler,,https://cozyistanbul.com.tr,https://cozyistanbul.com.tr/wp-content/uploads/2025/06/Cozy-Menü-Mayis-Revize.pdf,BABY ARTICHOKE & FENNEL SALAD,750.0
Cozy Etiler,,https://cozyistanbul.com.tr,https://cozyistanbul.com.tr/wp-content/uploads/2025/06/Cozy-Menü-Mayis-Revize.pdf,+ Grilled Chicken,320.0
Cozy Etiler,,https://cozyistanbul.com.tr,https://cozyistanbul.com.tr/wp-content/uploads/2025/06/Cozy-Menü-Mayis-Revize.pdf,Sorbet Blood orange,180.0
Cozy Etiler,,https://cozyistanbul.com.tr,https://cozyistanbul.com.tr/wp-content/uploads/2025/06/Cozy-Menü-Mayis-Revize.pdf,CAESAR SALAD,620.0
Cozy Etiler,,https://cozyistanbul.com.tr,https://cozyistanbul.com.tr/wp-content/uploads/2025/06/Cozy-Menü-Mayis-Revize.pdf,SHRIMP DUMPLINGS,850.0
Fern Cafe,,https://fern.ist,http://fern.ist/wp-content/uploads/2026/07/Kitchen-soft.pdf,FERN DANA / DOMUZ,890.0
Fern Cafe,,https://fern.ist,http://fern.ist/wp-content/uploads/2026/07/Kitchen-soft.pdf,GUACAMOLE & BACON,940.0
Fern Cafe,,https://fern.ist,http://fern.ist/wp-content/uploads/2026/07/Kitchen-soft.pdf,DANA/ DOMUZ BACON,590.0
Fern Cafe,,https://fern.ist,http://fern.ist/wp-content/uploads/2026/07/Kitchen-soft.pdf,CROQUE MADAME,890.0
Fern Cafe,,https://fern.ist,http://fern.ist/wp-content/uploads/2026/07/Kitchen-soft.pdf,BURRATA KURU ET,940.0
Fern Cafe,,https://fern.ist,http://fern.ist/wp-content/uploads/2026/07/Kitchen-soft.pdf,STRACCIATELLA ROSTO DOMATES,950.0
Fern Cafe,,https://fern.ist,http://fern.ist/wp-content/uploads/2026/07/Kitchen-soft.pdf,SOMON LOX,890.0
Fern Cafe,,https://fern.ist,http://fern.ist/wp-content/uploads/2026/07/Kitchen-soft.pdf,ISPANAK & MANTAR,825.0
Fern Cafe,,https://fern.ist,http://fern.ist/wp-content/uploads/2026/07/Kitchen-soft.pdf,KAVURMA & GÖZ YUMURTA,820.0
Fern Cafe,,https://fern.ist,http://fern.ist/wp-content/uploads/2026/07/Kitchen-soft.pdf,HİNDI FÜME & LABNE,800.0
Fern Cafe,,https://fern.ist,http://fern.ist/wp-content/uploads/2026/07/Kitchen-soft.pdf,TAZE MEYVELİ NAPOLYON,750.0
Fern Cafe,,https://fern.ist,http://fern.ist/wp-content/uploads/2026/07/Kitchen-soft.pdf,KARAMELİZE MUZ,700.0
Fern Cafe,,https://fern.ist,http://fern.ist/wp-content/uploads/2026/07/Kitchen-soft.pdf,ÇİKOLATA & TAZE MEYVE,750.0
Fern Cafe,,https://fern.ist,http://fern.ist/wp-content/uploads/2026/07/Kitchen-soft.pdf,KARABUĞDAY PANCAKE - TATLI,590.0
Fern Cafe,,https://fern.ist,http://fern.ist/wp-content/uploads/2026/07/Kitchen-soft.pdf,KAHVALTI SALATASI,610.0
Fern Cafe,,https://fern.ist,http://fern.ist/wp-content/uploads/2026/07/Kitchen-soft.pdf,OVERNIGHT OAT,560.0
Fern Cafe,,https://fern.ist,http://fern.ist/wp-content/uploads/2026/07/Kitchen-soft.pdf,FİT OMLET,550.0
Fern Cafe,,https://fern.ist,http://fern.ist/wp-content/uploads/2026/07/Kitchen-soft.pdf,SCRAMBLED EGG,610.0
Fern Cafe,,https://fern.ist,http://fern.ist/wp-content/uploads/2026/07/Kitchen-soft.pdf,EGGSLUT,590.0
Fern Cafe,,https://fern.ist,http://fern.ist/wp-content/uploads/2026/07/Kitchen-soft.pdf,KARABUĞDAY PANCAKE - TUZLU,580.0
Fern Cafe,,https://fern.ist,http://fern.ist/wp-content/uploads/2026/07/Kitchen-soft.pdf,EGGMAYO TARTINE,570.0
Fern Cafe,,https://fern.ist,http://fern.ist/wp-content/uploads/2026/07/Kitchen-soft.pdf,BAGET SANDVİÇ,590.0
Fern Cafe,,https://fern.ist,http://fern.ist/wp-content/uploads/2026/07/Kitchen-soft.pdf,CIABATTA CAPRESE SANDVİÇ,660.0
Fern Cafe,,https://fern.ist,http://fern.ist/wp-content/uploads/2026/07/Kitchen-soft.pdf,VEGAN TOST,560.0
Fern Cafe,,https://fern.ist,http://fern.ist/wp-content/uploads/2026/07/Kitchen-soft.pdf,KUŞKONMAZ & KURU ET KIŞ,490.0
Fern Cafe,,https://fern.ist,http://fern.ist/wp-content/uploads/2026/07/Kitchen-soft.pdf,CHICKEN KATSU SANDO,620.0
Fern Cafe,,https://fern.ist,http://fern.ist/wp-content/uploads/2026/07/Kitchen-soft.pdf,BURATTA SALATASI,700.0
Fern Cafe,,https://fern.ist,http://fern.ist/wp-content/uploads/2026/07/Kitchen-soft.pdf,CIABATTA TİFTİK SANDVİÇ,660.0
Fern Cafe,,https://fern.ist,http://fern.ist/wp-content/uploads/2026/07/Kitchen-soft.pdf,CHICKENMELT SANDVİÇ,680.0
Fern Cafe,,https://fern.ist,http://fern.ist/wp-content/uploads/2026/07/Kitchen-soft.pdf,PUTTANESCA CASARECCE,650.0
Fern Cafe,,https://fern.ist,http://fern.ist/wp-content/uploads/2026/07/Kitchen-soft.pdf,WALDORF SALATA,590.0
Fern Cafe,,https://fern.ist,http://fern.ist/wp-content/uploads/2026/07/Kitchen-soft.pdf,KALE SEZAR SALATA,580.0
Fern Cafe,,https://fern.ist,http://fern.ist/wp-content/uploads/2026/07/Kitchen-soft.pdf,PADRON BİBER İSLİ PAPRİKA AİOLİ,540.0
Fern Cafe,,https://fern.ist,http://fern.ist/wp-content/uploads/2026/07/Kitchen-soft.pdf,CACİO PEPE,690.0
Fern Cafe,,https://fern.ist,http://fern.ist/wp-content/uploads/2026/07/Kitchen-soft.pdf,BOLOGNESE LINGUINE,700.0
Fern Cafe,,https://fern.ist,http://fern.ist/wp-content/uploads/2026/07/Kitchen-soft.pdf,KABAK TEMPURA,520.0
Fern Cafe,,https://fern.ist,http://fern.ist/wp-content/uploads/2026/07/Kitchen-soft.pdf,PATATAS BRAVAS,500.0
Fern Cafe,,https://fern.ist,http://fern.ist/wp-content/uploads/2026/07/Kitchen-soft.pdf,PAN CON TOMATE & SARDINES,600.0
Fern Cafe,,https://fern.ist,http://fern.ist/wp-content/uploads/2026/07/Kitchen-soft.pdf,SOMON & SİYAH PİRİNÇ,950.0
Fern Cafe,,https://fern.ist,http://fern.ist/wp-content/uploads/2026/07/Kitchen-soft.pdf,BAHAR CACIĞI,520.0
Fern Cafe,,https://fern.ist,http://fern.ist/wp-content/uploads/2026/07/Kitchen-soft.pdf,ŞAKŞUKA,540.0
Fern Cafe,,https://fern.ist,http://fern.ist/wp-content/uploads/2026/07/Kitchen-soft.pdf,SPICY BEAN BASMATI,560.0
Fern Cafe,,https://fern.ist,http://fern.ist/wp-content/uploads/2026/07/Kitchen-soft.pdf,FERN KASE,590.0
Fern Cafe,,https://fern.ist,http://fern.ist/wp-content/uploads/2026/07/Kitchen-soft.pdf,TURNA YEMISLI AYRANASI,250.0
Fern Cafe,,https://fern.ist,http://fern.ist/wp-content/uploads/2026/07/Kitchen-soft.pdf,SHRIMP ROLL SANDWICH,660.0
Fern Cafe,,https://fern.ist,http://fern.ist/wp-content/uploads/2026/07/Kitchen-soft.pdf,PATLICANLI IZGARA TAVUK,670.0
Fern Cafe,,https://fern.ist,http://fern.ist/wp-content/uploads/2026/07/Kitchen-soft.pdf,DELİCATESSEN JAR,530.0
Fern Cafe,,https://fern.ist,http://fern.ist/wp-content/uploads/2026/07/Kitchen-soft.pdf,IZGARA KARİDES & FAVA,620.0
Fern Cafe,,https://fern.ist,http://fern.ist/wp-content/uploads/2026/07/Kitchen-soft.pdf,TAZE DOMATES KARİDES MAKARNA,750.0
Fern Cafe,,https://fern.ist,http://fern.ist/wp-content/uploads/2026/07/Kitchen-soft.pdf,ESPRESSO,180.0
Fern Cafe,,https://fern.ist,http://fern.ist/wp-content/uploads/2026/07/Kitchen-soft.pdf,AMERICANO,225.0
Fern Cafe,,https://fern.ist,http://fern.ist/wp-content/uploads/2026/07/Kitchen-soft.pdf,BULLETPROOF,240.0
Fern Cafe,,https://fern.ist,http://fern.ist/wp-content/uploads/2026/07/Kitchen-soft.pdf,MACCHIATO,240.0
Fern Cafe,,https://fern.ist,http://fern.ist/wp-content/uploads/2026/07/Kitchen-soft.pdf,PICCOLO,240.0
Fern Cafe,,https://fern.ist,http://fern.ist/wp-content/uploads/2026/07/Kitchen-soft.pdf,CORTADO,240.0
Fern Cafe,,https://fern.ist,http://fern.ist/wp-content/uploads/2026/07/Kitchen-soft.pdf,FLAT WHITE,260.0
Fern Cafe,,https://fern.ist,http://fern.ist/wp-content/uploads/2026/07/Kitchen-soft.pdf,AMERICANO,240.0
Fern Cafe,,https://fern.ist,http://fern.ist/wp-content/uploads/2026/07/Kitchen-soft.pdf,FLAT WHITE,290.0
Fern Cafe,,https://fern.ist,http://fern.ist/wp-content/uploads/2026/07/Kitchen-soft.pdf,LATTE,280.0
Fern Cafe,,https://fern.ist,http://fern.ist/wp-content/uploads/2026/07/Kitchen-soft.pdf,KARAMEL LATTE,320.0
Fern Cafe,,https://fern.ist,http://fern.ist/wp-content/uploads/2026/07/Kitchen-soft.pdf,TUZLU KARAMEL LATTE,320.0
Fern Cafe,,https://fern.ist,http://fern.ist/wp-content/uploads/2026/07/Kitchen-soft.pdf,VANİLYA LATTE,320.0
Fern Cafe,,https://fern.ist,http://fern.ist/wp-content/uploads/2026/07/Kitchen-soft.pdf,ESPRESSO MARTINI,295.0
Fern Cafe,,https://fern.ist,http://fern.ist/wp-content/uploads/2026/07/Kitchen-soft.pdf,ORANGE BLOSSOM ESPRESSO TONIC,295.0
Fern Cafe,,https://fern.ist,http://fern.ist/wp-content/uploads/2026/07/Kitchen-soft.pdf,COLD BREW,270.0
Fern Cafe,,https://fern.ist,http://fern.ist/wp-content/uploads/2026/07/Kitchen-soft.pdf,COLD BREW IRISH,285.0
Fern Cafe,,https://fern.ist,http://fern.ist/wp-content/uploads/2026/07/Kitchen-soft.pdf,EARL GREY,240.0
Fern Cafe,,https://fern.ist,http://fern.ist/wp-content/uploads/2026/07/Kitchen-soft.pdf,ENGLISH BREAKFAST,240.0
Fern Cafe,,https://fern.ist,http://fern.ist/wp-content/uploads/2026/07/Kitchen-soft.pdf,JASMINE GOLD,240.0
Fern Cafe,,https://fern.ist,http://fern.ist/wp-content/uploads/2026/07/Kitchen-soft.pdf,GREEN DRAGON,240.0
Fern Cafe,,https://fern.ist,http://fern.ist/wp-content/uploads/2026/07/Kitchen-soft.pdf,ROOIBOS CREAM ORANGE,240.0
Fern Cafe,,https://fern.ist,http://fern.ist/wp-content/uploads/2026/07/Kitchen-soft.pdf,AYUVERDA HERBS & GINGER,240.0
Fern Cafe,,https://fern.ist,http://fern.ist/wp-content/uploads/2026/07/Kitchen-soft.pdf,WHITE TEA AND CASSIS,240.0
Fern Cafe,,https://fern.ist,http://fern.ist/wp-content/uploads/2026/07/Kitchen-soft.pdf,JASMINE PEARL & PINEAPPLE,295.0
Fern Cafe,,https://fern.ist,http://fern.ist/wp-content/uploads/2026/07/Kitchen-soft.pdf,ROOIBOS & VANILLA WITH PEACH,295.0
Fern Cafe,,https://fern.ist,http://fern.ist/wp-content/uploads/2026/07/Kitchen-soft.pdf,WILD BERRIES,295.0
Fern Cafe,,https://fern.ist,http://fern.ist/wp-content/uploads/2026/07/Kitchen-soft.pdf,KHARKADE,295.0
Fern Cafe,,https://fern.ist,http://fern.ist/wp-content/uploads/2026/07/Kitchen-soft.pdf,FERN SMOOTHIE,360.0
Fern Cafe,,https://fern.ist,http://fern.ist/wp-content/uploads/2026/07/Kitchen-soft.pdf,FIT SMOOTHIE,375.0
Fern Cafe,,https://fern.ist,http://fern.ist/wp-content/uploads/2026/07/Kitchen-soft.pdf,ELDERFLOWER,330.0
Fern Cafe,,https://fern.ist,http://fern.ist/wp-content/uploads/2026/07/Kitchen-soft.pdf,CHELSEA GIRLS ICE TEA,285.0
Fern Cafe,,https://fern.ist,http://fern.ist/wp-content/uploads/2026/07/Kitchen-soft.pdf,KUZU KULAĞI,330.0
Fern Cafe,,https://fern.ist,http://fern.ist/wp-content/uploads/2026/07/Kitchen-soft.pdf,SATSUMA COOLER,250.0
Fern Cafe,,https://fern.ist,http://fern.ist/wp-content/uploads/2026/07/Kitchen-soft.pdf,BERRY ICE TEA & SODA,250.0
Fern Cafe,,https://fern.ist,http://fern.ist/wp-content/uploads/2026/07/Kitchen-soft.pdf,CHURCHILL,160.0
Fern Cafe,,https://fern.ist,http://fern.ist/wp-content/uploads/2026/07/Kitchen-soft.pdf,ORANGE JUICE,250.0
Fern Cafe,,https://fern.ist,http://fern.ist/wp-content/uploads/2026/07/Kitchen-soft.pdf,SLOW JUICE GREEN,305.0
Fern Cafe,,https://fern.ist,http://fern.ist/wp-content/uploads/2026/07/Kitchen-soft.pdf,SLOW JUICE ORANGE,285.0
Fern Cafe,,https://fern.ist,http://fern.ist/wp-content/uploads/2026/07/Kitchen-soft.pdf,SLOW JUICE RED,295.0
Fern Cafe,,https://fern.ist,http://fern.ist/wp-content/uploads/2026/07/Kitchen-soft.pdf,GINGER BEVERAGE WALKERS,280.0
Fern Cafe,,https://fern.ist,http://fern.ist/wp-content/uploads/2026/07/Kitchen-soft.pdf,MIZU FESLEĞEN & MISKET LIMONLU,215.0
Fern Cafe,,https://fern.ist,http://fern.ist/wp-content/uploads/2026/07/Kitchen-soft.pdf,MIZU BERGAMOT & GÜL,215.0
Fern Cafe,,https://fern.ist,http://fern.ist/wp-content/uploads/2026/07/Kitchen-soft.pdf,MIZU MANGO & MÜRVER ÇIÇEĞI,215.0
Fern Cafe,,https://fern.ist,http://fern.ist/wp-content/uploads/2026/07/Kitchen-soft.pdf,MATEA MATE ÇAYI,220.0
Nezih Dokuz Ondokuz,,https://dokuzondokuz.com,https://dokuzondokuz.com/img/portfolio/menu.pdf,Roka Salata,760.0
Nezih Dokuz Ondokuz,,https://dokuzondokuz.com,https://dokuzondokuz.com/img/portfolio/menu.pdf,Steak Tartare,1100.0
Nezih Dokuz Ondokuz,,https://dokuzondokuz.com,https://dokuzondokuz.com/img/portfolio/menu.pdf,Antrikot,1790.0
Nezih Dokuz Ondokuz,,https://dokuzondokuz.com,https://dokuzondokuz.com/img/portfolio/menu.pdf,Mantarlı Ravioli,1190.0
Nezih Dokuz Ondokuz,,https://dokuzondokuz.com,https://dokuzondokuz.com/img/portfolio/menu.pdf,Kuzu Pirzola,1790.0
Nezih Dokuz Ondokuz,,https://dokuzondokuz.com,https://dokuzondokuz.com/img/portfolio/menu.pdf,Dana Yanak,1860.0
Nezih Dokuz Ondokuz,,https://dokuzondokuz.com,https://dokuzondokuz.com/img/portfolio/menu.pdf,Kuzu Karski,1790.0
Nezih Dokuz Ondokuz,,https://dokuzondokuz.com,https://dokuzondokuz.com/img/portfolio/menu.pdf,Şiş Küşleme,1790.0
Nezih Dokuz Ondokuz,,https://dokuzondokuz.com,https://dokuzondokuz.com/img/portfolio/menu.pdf,Deniz Levreği,1860.0
Nezih Dokuz Ondokuz,,https://dokuzondokuz.com,https://dokuzondokuz.com/img/portfolio/menu.pdf,Domates Salata,790.0
Nezih Dokuz Ondokuz,,https://dokuzondokuz.com,https://dokuzondokuz.com/img/portfolio/menu.pdf,Bonﬁle,1890.0
Nezih Dokuz Ondokuz,,https://dokuzondokuz.com,https://dokuzondokuz.com/img/portfolio/menu.pdf,ZeyƟnyağlı Fasulye,390.0
Nezih Dokuz Ondokuz,,https://dokuzondokuz.com,https://dokuzondokuz.com/img/portfolio/menu.pdf,Tabule Salatası,590.0
Nezih Dokuz Ondokuz,,https://dokuzondokuz.com,https://dokuzondokuz.com/img/portfolio/menu.pdf,ArƟzan Sosis,1100.0
Nezih Dokuz Ondokuz,,https://dokuzondokuz.com,https://dokuzondokuz.com/img/portfolio/menu.pdf,Dana İlik,590.0
Nezih Dokuz Ondokuz,,https://dokuzondokuz.com,https://dokuzondokuz.com/img/portfolio/menu.pdf,Yaprak Ciğer,1100.0
Nezih Dokuz Ondokuz,,https://dokuzondokuz.com,https://dokuzondokuz.com/img/portfolio/menu.pdf,Kabak Çiçeği,825.0
Nezih Dokuz Ondokuz,,https://dokuzondokuz.com,https://dokuzondokuz.com/img/portfolio/menu.pdf,Kaburga Roll,1290.0
Nezih Dokuz Ondokuz,,https://dokuzondokuz.com,https://dokuzondokuz.com/img/portfolio/menu.pdf,Girit Ezme,395.0
Nezih Dokuz Ondokuz,,https://dokuzondokuz.com,https://dokuzondokuz.com/img/portfolio/menu.pdf,Köz Patlıcan,390.0
Nezih Dokuz Ondokuz,,https://dokuzondokuz.com,https://dokuzondokuz.com/img/portfolio/menu.pdf,Köpoğlu,350.0
Nezih Dokuz Ondokuz,,https://dokuzondokuz.com,https://dokuzondokuz.com/img/portfolio/menu.pdf,Barbunya Pilaki,390.0
Nezih Dokuz Ondokuz,,https://dokuzondokuz.com,https://dokuzondokuz.com/img/portfolio/menu.pdf,Fırınlanmış Brie,890.0
Nezih Dokuz Ondokuz,,https://dokuzondokuz.com,https://dokuzondokuz.com/img/portfolio/menu.pdf,Babagannuş,395.0
Nezih Dokuz Ondokuz,,https://dokuzondokuz.com,https://dokuzondokuz.com/img/portfolio/menu.pdf,Şaşlık,1890.0
Nezih Dokuz Ondokuz,,https://dokuzondokuz.com,https://dokuzondokuz.com/img/portfolio/menu.pdf,Semizotu,395.0
Nezih Dokuz Ondokuz,,https://dokuzondokuz.com,https://dokuzondokuz.com/img/portfolio/menu.pdf,Rulo Mücver,590.0
Nezih Dokuz Ondokuz,,https://dokuzondokuz.com,https://dokuzondokuz.com/img/portfolio/menu.pdf,Kokoreç,970.0
Nezih Dokuz Ondokuz,,https://dokuzondokuz.com,https://dokuzondokuz.com/img/portfolio/menu.pdf,Piliç Şiş,1290.0
Nezih Dokuz Ondokuz,,https://dokuzondokuz.com,https://dokuzondokuz.com/img/portfolio/menu.pdf,Karalahana Sarma,850.0
Nezih Dokuz Ondokuz,,https://dokuzondokuz.com,https://dokuzondokuz.com/img/portfolio/menu.pdf,Taze Proﬁterol,595.0
Nezih Dokuz Ondokuz,,https://dokuzondokuz.com,https://dokuzondokuz.com/img/portfolio/menu.pdf,Cobbler,640.0
Nezih Dokuz Ondokuz,,https://dokuzondokuz.com,https://dokuzondokuz.com/img/portfolio/menu.pdf,Kadayif Roll,595.0
Nezih Dokuz Ondokuz,,https://dokuzondokuz.com,https://dokuzondokuz.com/img/portfolio/menu.pdf,Pasƨrmalı Enginar,790.0
Nezih Dokuz Ondokuz,,https://dokuzondokuz.com,https://dokuzondokuz.com/img/portfolio/menu.pdf,Çöp Şiş,1290.0
Nezih Dokuz Ondokuz,,https://dokuzondokuz.com,https://dokuzondokuz.com/img/portfolio/menu.pdf,Yağlı Kara,1790.0
Nezih Dokuz Ondokuz,,https://dokuzondokuz.com,https://dokuzondokuz.com/img/portfolio/menu.pdf,Kuzu Küşleme,1790.0
Nezih Dokuz Ondokuz,,https://dokuzondokuz.com,https://dokuzondokuz.com/img/portfolio/menu.pdf,Yaprak Kanat,990.0
Nezih Dokuz Ondokuz,,https://dokuzondokuz.com,https://dokuzondokuz.com/img/portfolio/menu.pdf,Piliç Şiş,990.0
Nezih Dokuz Ondokuz,,https://dokuzondokuz.com,https://dokuzondokuz.com/img/portfolio/menu.pdf,Kuzu İncik,1640.0
Nezih Dokuz Ondokuz,,https://dokuzondokuz.com,https://dokuzondokuz.com/img/portfolio/menu.pdf,Lollapalooza,970.0
Nezih Dokuz Ondokuz,,https://dokuzondokuz.com,https://dokuzondokuz.com/img/portfolio/menu.pdf,Slipshod,970.0
Nezih Dokuz Ondokuz,,https://dokuzondokuz.com,https://dokuzondokuz.com/img/portfolio/menu.pdf,Willy - Nilly,970.0
Nezih Dokuz Ondokuz,,https://dokuzondokuz.com,https://dokuzondokuz.com/img/portfolio/menu.pdf,Rejigger,970.0
Nezih Dokuz Ondokuz,,https://dokuzondokuz.com,https://dokuzondokuz.com/img/portfolio/menu.pdf,Gambit,970.0
Nezih Dokuz Ondokuz,,https://dokuzondokuz.com,https://dokuzondokuz.com/img/portfolio/menu.pdf,Copperback,970.0
Nezih Dokuz Ondokuz,,https://dokuzondokuz.com,https://dokuzondokuz.com/img/portfolio/menu.pdf,Jalopy,970.0
Nezih Dokuz Ondokuz,,https://dokuzondokuz.com,https://dokuzondokuz.com/img/portfolio/menu.pdf,Dance With Cello,970.0
Nezih Dokuz Ondokuz,,https://dokuzondokuz.com,https://dokuzondokuz.com/img/portfolio/menu.pdf,Sexton,460.0
Nezih Dokuz Ondokuz,,https://dokuzondokuz.com,https://dokuzondokuz.com/img/portfolio/menu.pdf,Scapa Skiren,735.0
Nezih Dokuz Ondokuz,,https://dokuzondokuz.com,https://dokuzondokuz.com/img/portfolio/menu.pdf,Woodford Reserve,550.0
Nezih Dokuz Ondokuz,,https://dokuzondokuz.com,https://dokuzondokuz.com/img/portfolio/menu.pdf,Hibiki /,1475.0
Nezih Dokuz Ondokuz,,https://dokuzondokuz.com,https://dokuzondokuz.com/img/portfolio/menu.pdf,Chita  /,1130.0
Nezih Dokuz Ondokuz,,https://dokuzondokuz.com,https://dokuzondokuz.com/img/portfolio/menu.pdf,JW Blue Label  /,1700.0
Nezih Dokuz Ondokuz,,https://dokuzondokuz.com,https://dokuzondokuz.com/img/portfolio/menu.pdf,Guinness,605.0
Nezih Dokuz Ondokuz,,https://dokuzondokuz.com,https://dokuzondokuz.com/img/portfolio/menu.pdf,Heineken,410.0
Nezih Dokuz Ondokuz,,https://dokuzondokuz.com,https://dokuzondokuz.com/img/portfolio/menu.pdf,Frederik Yakima Ipa,430.0
Nezih Dokuz Ondokuz,,https://dokuzondokuz.com,https://dokuzondokuz.com/img/portfolio/menu.pdf,Erdinger,540.0
Nezih Dokuz Ondokuz,,https://dokuzondokuz.com,https://dokuzondokuz.com/img/portfolio/menu.pdf,Carlsberg,410.0
Nezih Dokuz Ondokuz,,https://dokuzondokuz.com,https://dokuzondokuz.com/img/portfolio/menu.pdf,Budweiser,410.0
Nezih Dokuz Ondokuz,,https://dokuzondokuz.com,https://dokuzondokuz.com/img/portfolio/menu.pdf,Corona,435.0
Nezih Dokuz Ondokuz,,https://dokuzondokuz.com,https://dokuzondokuz.com/img/portfolio/menu.pdf,Cafe Americano,250.0
Nezih Dokuz Ondokuz,,https://dokuzondokuz.com,https://dokuzondokuz.com/img/portfolio/menu.pdf,Cafe LaƩe,250.0
Nezih Dokuz Ondokuz,,https://dokuzondokuz.com,https://dokuzondokuz.com/img/portfolio/menu.pdf,Cappuccino,270.0
Nezih Dokuz Ondokuz,,https://dokuzondokuz.com,https://dokuzondokuz.com/img/portfolio/menu.pdf,Single Espresso,210.0
Nezih Dokuz Ondokuz,,https://dokuzondokuz.com,https://dokuzondokuz.com/img/portfolio/menu.pdf,Double Espresso,250.0
Nezih Dokuz Ondokuz,,https://dokuzondokuz.com,https://dokuzondokuz.com/img/portfolio/menu.pdf,Türk Kahvesi,250.0
Nezih Dokuz Ondokuz,,https://dokuzondokuz.com,https://dokuzondokuz.com/img/portfolio/menu.pdf,Demleme Çay,85.0
Nezih Dokuz Ondokuz,,https://dokuzondokuz.com,https://dokuzondokuz.com/img/portfolio/menu.pdf,Cola,210.0
Nezih Dokuz Ondokuz,,https://dokuzondokuz.com,https://dokuzondokuz.com/img/portfolio/menu.pdf,Cola Zero,210.0
Nezih Dokuz Ondokuz,,https://dokuzondokuz.com,https://dokuzondokuz.com/img/portfolio/menu.pdf,Fuse Tea ŞeŌali / Limon,210.0
Nezih Dokuz Ondokuz,,https://dokuzondokuz.com,https://dokuzondokuz.com/img/portfolio/menu.pdf,Beypazarı Soda,195.0
Nezih Dokuz Ondokuz,,https://dokuzondokuz.com,https://dokuzondokuz.com/img/portfolio/menu.pdf,Pellegrino Soda,260.0
Nezih Dokuz Ondokuz,,https://dokuzondokuz.com,https://dokuzondokuz.com/img/portfolio/menu.pdf,Kestane Su Büyük Şişe,190.0
Nezih Dokuz Ondokuz,,https://dokuzondokuz.com,https://dokuzondokuz.com/img/portfolio/menu.pdf,Taze Sıkma Portakal Suyu,295.0
Nezih Dokuz Ondokuz,,https://dokuzondokuz.com,https://dokuzondokuz.com/img/portfolio/menu.pdf,Sade Kruvasan,395.0
Nezih Dokuz Ondokuz,,https://dokuzondokuz.com,https://dokuzondokuz.com/img/portfolio/menu.pdf,Çırpılmış Yumurta,310.0
Nezih Dokuz Ondokuz,,https://dokuzondokuz.com,https://dokuzondokuz.com/img/portfolio/menu.pdf,Omlet,350.0
Nezih Dokuz Ondokuz,,https://dokuzondokuz.com,https://dokuzondokuz.com/img/portfolio/menu.pdf,Göz Yumurta,310.0
Nezih Dokuz Ondokuz,,https://dokuzondokuz.com,https://dokuzondokuz.com/img/portfolio/menu.pdf,Ezine Beyaz Peynir,190.0
Nezih Dokuz Ondokuz,,https://dokuzondokuz.com,https://dokuzondokuz.com/img/portfolio/menu.pdf,Fix Kahvalƨ / Kişi başı,1375.0
Nezih Dokuz Ondokuz,,https://dokuzondokuz.com,https://dokuzondokuz.com/img/portfolio/menu.pdf,Bal-Kaymak,350.0
Nezih Dokuz Ondokuz,,https://dokuzondokuz.com,https://dokuzondokuz.com/img/portfolio/menu.pdf,ZeyƟn Salatası,180.0
Nezih Dokuz Ondokuz,,https://dokuzondokuz.com,https://dokuzondokuz.com/img/portfolio/menu.pdf,Domates Salatalık,180.0
Nezih Dokuz Ondokuz,,https://dokuzondokuz.com,https://dokuzondokuz.com/img/portfolio/menu.pdf,Taze Simit,75.0
Nezih Dokuz Ondokuz,,https://dokuzondokuz.com,https://dokuzondokuz.com/img/portfolio/menu.pdf,Bergama Tulumu,310.0
Nezih Dokuz Ondokuz,,https://dokuzondokuz.com,https://dokuzondokuz.com/img/portfolio/menu.pdf,Menemen,390.0
Nezih Dokuz Ondokuz,,https://dokuzondokuz.com,https://dokuzondokuz.com/img/portfolio/menu.pdf,Sucuklu +,150.0
Nezih Dokuz Ondokuz,,https://dokuzondokuz.com,https://dokuzondokuz.com/img/portfolio/menu.pdf,Kavurmali +,150.0
Nezih Dokuz Ondokuz,,https://dokuzondokuz.com,https://dokuzondokuz.com/img/portfolio/menu.pdf,Peynirli +,150.0
Nezih Dokuz Ondokuz,,https://dokuzondokuz.com,https://dokuzondokuz.com/img/portfolio/menu.pdf,Izgara Sucuk,290.0
Nezih Dokuz Ondokuz,,https://dokuzondokuz.com,https://dokuzondokuz.com/img/portfolio/menu.pdf,Izgara Sosis,310.0
Nezih Dokuz Ondokuz,,https://dokuzondokuz.com,https://dokuzondokuz.com/img/portfolio/menu.pdf,Cranberry’li Tulum,395.0
Nezih Dokuz Ondokuz,,https://dokuzondokuz.com,https://dokuzondokuz.com/img/portfolio/menu.pdf,Erzincan Tulum,310.0
Nezih Dokuz Ondokuz,,https://dokuzondokuz.com,https://dokuzondokuz.com/img/portfolio/menu.pdf,Trakya Eski Kaşar,310.0
Nezih Dokuz Ondokuz,,https://dokuzondokuz.com,https://dokuzondokuz.com/img/portfolio/menu.pdf,Köy Tereyağı,190.0
Nezih Dokuz Ondokuz,,https://dokuzondokuz.com,https://dokuzondokuz.com/img/portfolio/menu.pdf,Ev Yapımı Acuka,210.0
Nezih Dokuz Ondokuz,,https://dokuzondokuz.com,https://dokuzondokuz.com/img/portfolio/menu.pdf,Çeçil Peyniri,310.0
Nezih Dokuz Ondokuz,,https://dokuzondokuz.com,https://dokuzondokuz.com/img/portfolio/menu.pdf,Kavurma,390.0
Nezih Dokuz Ondokuz,,https://dokuzondokuz.com,https://dokuzondokuz.com/img/portfolio/menu.pdf,Pasƨrma,420.0
Sakhalin İstanbul,,https://sakhalin.rest,https://wrf.su/Sakhalin_Main_Istanbul_tur+eng.pdf,"Sakhalin tartar çeşitleri: orkinos, yılan balığı, somon",3230.0
Sakhalin İstanbul,,https://sakhalin.rest,https://wrf.su/Sakhalin_Main_Istanbul_tur+eng.pdf,"Carpaccio çeşitleri: orkinos, levrek, ahtapot",3530.0
Sakhalin İstanbul,,https://sakhalin.rest,https://wrf.su/Sakhalin_Main_Istanbul_tur+eng.pdf,Somon havyarı,2280.0
Sakhalin İstanbul,,https://sakhalin.rest,https://wrf.su/Sakhalin_Main_Istanbul_tur+eng.pdf,"Gilardo, Fransa",1250.0
Sakhalin İstanbul,,https://sakhalin.rest,https://wrf.su/Sakhalin_Main_Istanbul_tur+eng.pdf,Ponzu sosu ve trüf yağı ile deniz tarağı,1270.0
Sakhalin İstanbul,,https://sakhalin.rest,https://wrf.su/Sakhalin_Main_Istanbul_tur+eng.pdf,Kral yengeç   (Bacak),4470.0
Sakhalin İstanbul,,https://sakhalin.rest,https://wrf.su/Sakhalin_Main_Istanbul_tur+eng.pdf,Kral yengeç   (Birinci boğum),4770.0
Sakhalin İstanbul,,https://sakhalin.rest,https://wrf.su/Sakhalin_Main_Istanbul_tur+eng.pdf,"Langustin, Norveç",1770.0
Sakhalin İstanbul,,https://sakhalin.rest,https://wrf.su/Sakhalin_Main_Istanbul_tur+eng.pdf,"Pembe karides, Türkiye",2350.0
Sakhalin İstanbul,,https://sakhalin.rest,https://wrf.su/Sakhalin_Main_Istanbul_tur+eng.pdf,"Karabinero, İspanya",3950.0
Sakhalin İstanbul,,https://sakhalin.rest,https://wrf.su/Sakhalin_Main_Istanbul_tur+eng.pdf,Yuzu soslu levrek,1170.0
Sakhalin İstanbul,,https://sakhalin.rest,https://wrf.su/Sakhalin_Main_Istanbul_tur+eng.pdf,Mavi yüzgeçli orkinos,1470.0
Sakhalin İstanbul,,https://sakhalin.rest,https://wrf.su/Sakhalin_Main_Istanbul_tur+eng.pdf,Roka ve parmesan ile sığır eti,1770.0
Sakhalin İstanbul,,https://sakhalin.rest,https://wrf.su/Sakhalin_Main_Istanbul_tur+eng.pdf,Ahtapot carpaccio,1830.0
Sakhalin İstanbul,,https://sakhalin.rest,https://wrf.su/Sakhalin_Main_Istanbul_tur+eng.pdf,Somonlu tartar ve mango,970.0
Sakhalin İstanbul,,https://sakhalin.rest,https://wrf.su/Sakhalin_Main_Istanbul_tur+eng.pdf,Orkinos ve guacamole,1570.0
Sakhalin İstanbul,,https://sakhalin.rest,https://wrf.su/Sakhalin_Main_Istanbul_tur+eng.pdf,Sığır eti ve kızarmış patates,1970.0
Sakhalin İstanbul,,https://sakhalin.rest,https://wrf.su/Sakhalin_Main_Istanbul_tur+eng.pdf,"Mango, tobiko havyarı ve ponzu-mayonez soslu somon balığı",1070.0
Sakhalin İstanbul,,https://sakhalin.rest,https://wrf.su/Sakhalin_Main_Istanbul_tur+eng.pdf,Salatalık ve unagi soslu yılan balığı,1130.0
Sakhalin İstanbul,,https://sakhalin.rest,https://wrf.su/Sakhalin_Main_Istanbul_tur+eng.pdf,Tobiko havyarlı tuna akami,1370.0
Sakhalin İstanbul,,https://sakhalin.rest,https://wrf.su/Sakhalin_Main_Istanbul_tur+eng.pdf,Asya soslu dövülmüş salatalık,530.0
Sakhalin İstanbul,,https://sakhalin.rest,https://wrf.su/Sakhalin_Main_Istanbul_tur+eng.pdf,Asya soslu domatesli çıtır patlıcan,870.0
Sakhalin İstanbul,,https://sakhalin.rest,https://wrf.su/Sakhalin_Main_Istanbul_tur+eng.pdf,Goma dare soslu yeşil salata,870.0
Sakhalin İstanbul,,https://sakhalin.rest,https://wrf.su/Sakhalin_Main_Istanbul_tur+eng.pdf,Ezine peynirli yunan salatası,1030.0
Sakhalin İstanbul,,https://sakhalin.rest,https://wrf.su/Sakhalin_Main_Istanbul_tur+eng.pdf,Olivier salatası,1150.0
Sakhalin İstanbul,,https://sakhalin.rest,https://wrf.su/Sakhalin_Main_Istanbul_tur+eng.pdf,"Bebek ıspanak, yuzu trüf ve kurutulmuş miso",1230.0
Sakhalin İstanbul,,https://sakhalin.rest,https://wrf.su/Sakhalin_Main_Istanbul_tur+eng.pdf,Acı mayonezli kaplan karides tempura,1370.0
Sakhalin İstanbul,,https://sakhalin.rest,https://wrf.su/Sakhalin_Main_Istanbul_tur+eng.pdf,Kızartılmış padron biberi,1450.0
Sakhalin İstanbul,,https://sakhalin.rest,https://wrf.su/Sakhalin_Main_Istanbul_tur+eng.pdf,Limonlu ızgara bebek kalamar,1530.0
Sakhalin İstanbul,,https://sakhalin.rest,https://wrf.su/Sakhalin_Main_Istanbul_tur+eng.pdf,"Izgara kalamar, kızarmış enginar ile",1770.0
Sakhalin İstanbul,,https://sakhalin.rest,https://wrf.su/Sakhalin_Main_Istanbul_tur+eng.pdf,Kamçatka yengeçli kabak çiçeği dolması,2170.0
Sakhalin İstanbul,,https://sakhalin.rest,https://wrf.su/Sakhalin_Main_Istanbul_tur+eng.pdf,Balık çorbası,630.0
Sakhalin İstanbul,,https://sakhalin.rest,https://wrf.su/Sakhalin_Main_Istanbul_tur+eng.pdf,Borscht çorbası,970.0
Sakhalin İstanbul,,https://sakhalin.rest,https://wrf.su/Sakhalin_Main_Istanbul_tur+eng.pdf,Tom-yum çorbası,1470.0
Sakhalin İstanbul,,https://sakhalin.rest,https://wrf.su/Sakhalin_Main_Istanbul_tur+eng.pdf,Bisk soslu karidesli ravioli,830.0
Sakhalin İstanbul,,https://sakhalin.rest,https://wrf.su/Sakhalin_Main_Istanbul_tur+eng.pdf,Spagetti vongole ve Botarga,1370.0
Sakhalin İstanbul,,https://sakhalin.rest,https://wrf.su/Sakhalin_Main_Istanbul_tur+eng.pdf,"Yengeç dolgulu tortellini, pembe karides ve tereyağı sosu",1570.0
Sakhalin İstanbul,,https://sakhalin.rest,https://wrf.su/Sakhalin_Main_Istanbul_tur+eng.pdf,Bisk soslu kral yengeç linguine,2870.0
Sakhalin İstanbul,,https://sakhalin.rest,https://wrf.su/Sakhalin_Main_Istanbul_tur+eng.pdf,Somon,470.0
Sakhalin İstanbul,,https://sakhalin.rest,https://wrf.su/Sakhalin_Main_Istanbul_tur+eng.pdf,Akya balığı,690.0
Sakhalin İstanbul,,https://sakhalin.rest,https://wrf.su/Sakhalin_Main_Istanbul_tur+eng.pdf,Yılan balığı,790.0
Sakhalin İstanbul,,https://sakhalin.rest,https://wrf.su/Sakhalin_Main_Istanbul_tur+eng.pdf,Levrek,830.0
Sakhalin İstanbul,,https://sakhalin.rest,https://wrf.su/Sakhalin_Main_Istanbul_tur+eng.pdf,Tuna toro,830.0
Sakhalin İstanbul,,https://sakhalin.rest,https://wrf.su/Sakhalin_Main_Istanbul_tur+eng.pdf,Tuna Chu toro,850.0
Sakhalin İstanbul,,https://sakhalin.rest,https://wrf.su/Sakhalin_Main_Istanbul_tur+eng.pdf,Tuna akami,870.0
Sakhalin İstanbul,,https://sakhalin.rest,https://wrf.su/Sakhalin_Main_Istanbul_tur+eng.pdf,Somon,430.0
Sakhalin İstanbul,,https://sakhalin.rest,https://wrf.su/Sakhalin_Main_Istanbul_tur+eng.pdf,Akya balığı,470.0
Sakhalin İstanbul,,https://sakhalin.rest,https://wrf.su/Sakhalin_Main_Istanbul_tur+eng.pdf,Tuna akami / Tuna toro / Tuna Chu toro,570.0
Sakhalin İstanbul,,https://sakhalin.rest,https://wrf.su/Sakhalin_Main_Istanbul_tur+eng.pdf,Levrek yuzu,670.0
Sakhalin İstanbul,,https://sakhalin.rest,https://wrf.su/Sakhalin_Main_Istanbul_tur+eng.pdf,Unagi soslu nehir yılan balığı,670.0
Sakhalin İstanbul,,https://sakhalin.rest,https://wrf.su/Sakhalin_Main_Istanbul_tur+eng.pdf,Somon,390.0
Sakhalin İstanbul,,https://sakhalin.rest,https://wrf.su/Sakhalin_Main_Istanbul_tur+eng.pdf,Tuna akami / Tuna toro,470.0
Sakhalin İstanbul,,https://sakhalin.rest,https://wrf.su/Sakhalin_Main_Istanbul_tur+eng.pdf,"Kaliforniya: kral yengeç, avokado ve tobiko",2630.0
Sakhalin İstanbul,,https://sakhalin.rest,https://wrf.su/Sakhalin_Main_Istanbul_tur+eng.pdf,Teriyaki soslu somon,390.0
Sakhalin İstanbul,,https://sakhalin.rest,https://wrf.su/Sakhalin_Main_Istanbul_tur+eng.pdf,Ponzu soslu ve trüf mantarlı sığır eti,570.0
Sakhalin İstanbul,,https://sakhalin.rest,https://wrf.su/Sakhalin_Main_Istanbul_tur+eng.pdf,Tuna toro,570.0
Sakhalin İstanbul,,https://sakhalin.rest,https://wrf.su/Sakhalin_Main_Istanbul_tur+eng.pdf,Unagi soslu kaz ciğeri,590.0
Sakhalin İstanbul,,https://sakhalin.rest,https://wrf.su/Sakhalin_Main_Istanbul_tur+eng.pdf,Trüﬂü aioli soslu levrek,670.0
Sakhalin İstanbul,,https://sakhalin.rest,https://wrf.su/Sakhalin_Main_Istanbul_tur+eng.pdf,"Fuji: karides tempura, baharatlı sos, salatalık ve avokado",1050.0
Sakhalin İstanbul,,https://sakhalin.rest,https://wrf.su/Sakhalin_Main_Istanbul_tur+eng.pdf,"Mavi yüzgeçli: orkinos, levrek, somon ve baharatlı sos",1290.0
Sakhalin İstanbul,,https://sakhalin.rest,https://wrf.su/Sakhalin_Main_Istanbul_tur+eng.pdf,"Tender shogun: yılan balığı, kaz ciğeri ve tamago omleti",1470.0
Sakhalin İstanbul,,https://sakhalin.rest,https://wrf.su/Sakhalin_Main_Istanbul_tur+eng.pdf,Çiftlik levreği tuzda pişmiş / ızgara,530.0
Sakhalin İstanbul,,https://sakhalin.rest,https://wrf.su/Sakhalin_Main_Istanbul_tur+eng.pdf,Fırınlanmış kalkan patates ve enginar ile,1470.0
Sakhalin İstanbul,,https://sakhalin.rest,https://wrf.su/Sakhalin_Main_Istanbul_tur+eng.pdf,«Grand Marnier» dilbalığı,1770.0
Sakhalin İstanbul,,https://sakhalin.rest,https://wrf.su/Sakhalin_Main_Istanbul_tur+eng.pdf,Ekşi kremalı kızarmış patates,470.0
Sakhalin İstanbul,,https://sakhalin.rest,https://wrf.su/Sakhalin_Main_Istanbul_tur+eng.pdf,Parmesanlı ve trüf yağlı patates kızartması,630.0
Sakhalin İstanbul,,https://sakhalin.rest,https://wrf.su/Sakhalin_Main_Istanbul_tur+eng.pdf,Asya soslu brokoli,570.0
Sakhalin İstanbul,,https://sakhalin.rest,https://wrf.su/Sakhalin_Main_Istanbul_tur+eng.pdf,Trüﬂü patates püresi,570.0
Sakhalin İstanbul,,https://sakhalin.rest,https://wrf.su/Sakhalin_Main_Istanbul_tur+eng.pdf,Kirazlı medovik,770.0
Sakhalin İstanbul,,https://sakhalin.rest,https://wrf.su/Sakhalin_Main_Istanbul_tur+eng.pdf,Çilek soslu siyah inci,930.0
Sakhalin İstanbul,,https://sakhalin.rest,https://wrf.su/Sakhalin_Main_Istanbul_tur+eng.pdf,Tiramisu «Sakhalin»,930.0
Sakhalin İstanbul,,https://sakhalin.rest,https://wrf.su/Sakhalin_Main_Istanbul_tur+eng.pdf,Ahududulu Pavlova,1170.0
Sakhalin İstanbul,,https://sakhalin.rest,https://wrf.su/Sakhalin_Main_Istanbul_tur+eng.pdf,Berry tabağı,2500.0
Sakhalin İstanbul,,https://sakhalin.rest,https://wrf.su/Sakhalin_Main_Istanbul_tur+eng.pdf,Meyve tabağı,3000.0
Sakhalin İstanbul,,https://sakhalin.rest,https://wrf.su/Sakhalin_Main_Istanbul_tur+eng.pdf,Karamelli yengeç,130.0
Sakhalin İstanbul,,https://sakhalin.rest,https://wrf.su/Sakhalin_Main_Istanbul_tur+eng.pdf,Çikolatalı trüf topları,130.0
Sakhalin İstanbul,,https://sakhalin.rest,https://wrf.su/Sakhalin_Main_Istanbul_tur+eng.pdf,Matcha şekeri,130.0
Sakhalin İstanbul,,https://sakhalin.rest,https://wrf.su/Sakhalin_Main_Istanbul_tur+eng.pdf,Wasabi trüf şekeri,130.0
Sakhalin İstanbul,,https://sakhalin.rest,https://wrf.su/Sakhalin_Main_Istanbul_tur+eng.pdf,Vanilya / çikolata / çilek,230.0
Sakhalin İstanbul,,https://sakhalin.rest,https://wrf.su/Sakhalin_Main_Istanbul_tur+eng.pdf,Yuzu / mango / hindistan cevizi-misket limonu,270.0
Sakhalin İstanbul,,https://sakhalin.rest,https://wrf.su/Sakhalin_Main_Istanbul_tur+eng.pdf,Lillet Blanc,500.0
Sakhalin İstanbul,,https://sakhalin.rest,https://wrf.su/Sakhalin_Main_Istanbul_tur+eng.pdf,Martini Bianco,550.0
Sakhalin İstanbul,,https://sakhalin.rest,https://wrf.su/Sakhalin_Main_Istanbul_tur+eng.pdf,Martini Rosso,550.0
Sakhalin İstanbul,,https://sakhalin.rest,https://wrf.su/Sakhalin_Main_Istanbul_tur+eng.pdf,Martini Extra Dry,550.0
Sakhalin İstanbul,,https://sakhalin.rest,https://wrf.su/Sakhalin_Main_Istanbul_tur+eng.pdf,Campari,650.0
Sakhalin İstanbul,,https://sakhalin.rest,https://wrf.su/Sakhalin_Main_Istanbul_tur+eng.pdf,Aperol,750.0
Sakhalin İstanbul,,https://sakhalin.rest,https://wrf.su/Sakhalin_Main_Istanbul_tur+eng.pdf,Cocchi Rosso,850.0
Sakhalin İstanbul,,https://sakhalin.rest,https://wrf.su/Sakhalin_Main_Istanbul_tur+eng.pdf,Russian Standart,650.0
Sakhalin İstanbul,,https://sakhalin.rest,https://wrf.su/Sakhalin_Main_Istanbul_tur+eng.pdf,Haku,750.0
Sakhalin İstanbul,,https://sakhalin.rest,https://wrf.su/Sakhalin_Main_Istanbul_tur+eng.pdf,Belvedere,850.0
Sakhalin İstanbul,,https://sakhalin.rest,https://wrf.su/Sakhalin_Main_Istanbul_tur+eng.pdf,Onegin,950.0
Sakhalin İstanbul,,https://sakhalin.rest,https://wrf.su/Sakhalin_Main_Istanbul_tur+eng.pdf,Grey Goose,990.0
Sakhalin İstanbul,,https://sakhalin.rest,https://wrf.su/Sakhalin_Main_Istanbul_tur+eng.pdf,Beluga Gold Line,2500.0
Sakhalin İstanbul,,https://sakhalin.rest,https://wrf.su/Sakhalin_Main_Istanbul_tur+eng.pdf,Grey goose altius,3400.0
Sakhalin İstanbul,,https://sakhalin.rest,https://wrf.su/Sakhalin_Main_Istanbul_tur+eng.pdf,Beefeater,650.0
Sakhalin İstanbul,,https://sakhalin.rest,https://wrf.su/Sakhalin_Main_Istanbul_tur+eng.pdf,Hendrick’s,950.0
Sakhalin İstanbul,,https://sakhalin.rest,https://wrf.su/Sakhalin_Main_Istanbul_tur+eng.pdf,Portoﬁno,1800.0
Sakhalin İstanbul,,https://sakhalin.rest,https://wrf.su/Sakhalin_Main_Istanbul_tur+eng.pdf,SeventyOne,2900.0
Sakhalin İstanbul,,https://sakhalin.rest,https://wrf.su/Sakhalin_Main_Istanbul_tur+eng.pdf,Cachaca Janeiro,550.0
Sakhalin İstanbul,,https://sakhalin.rest,https://wrf.su/Sakhalin_Main_Istanbul_tur+eng.pdf,Eminente Reserva,1090.0
Sakhalin İstanbul,,https://sakhalin.rest,https://wrf.su/Sakhalin_Main_Istanbul_tur+eng.pdf,Olmeca Altos,750.0
Sakhalin İstanbul,,https://sakhalin.rest,https://wrf.su/Sakhalin_Main_Istanbul_tur+eng.pdf,Volcan Blanco,750.0
Sakhalin İstanbul,,https://sakhalin.rest,https://wrf.su/Sakhalin_Main_Istanbul_tur+eng.pdf,Volcan Cristalino,850.0
Sakhalin İstanbul,,https://sakhalin.rest,https://wrf.su/Sakhalin_Main_Istanbul_tur+eng.pdf,Volcan X.A,2800.0
Sakhalin İstanbul,,https://sakhalin.rest,https://wrf.su/Sakhalin_Main_Istanbul_tur+eng.pdf,Patron Reposado,1500.0
Sakhalin İstanbul,,https://sakhalin.rest,https://wrf.su/Sakhalin_Main_Istanbul_tur+eng.pdf,Clase Azul Reposado,3500.0
Sakhalin İstanbul,,https://sakhalin.rest,https://wrf.su/Sakhalin_Main_Istanbul_tur+eng.pdf,Se Busca Joven,890.0
Sakhalin İstanbul,,https://sakhalin.rest,https://wrf.su/Sakhalin_Main_Istanbul_tur+eng.pdf,Naked Malt,750.0
Sakhalin İstanbul,,https://sakhalin.rest,https://wrf.su/Sakhalin_Main_Istanbul_tur+eng.pdf,Talisker,870.0
Sakhalin İstanbul,,https://sakhalin.rest,https://wrf.su/Sakhalin_Main_Istanbul_tur+eng.pdf,Dalmore Cigar Malt,1950.0
Sakhalin İstanbul,,https://sakhalin.rest,https://wrf.su/Sakhalin_Main_Istanbul_tur+eng.pdf,Johnnie Walker black label,650.0
Sakhalin İstanbul,,https://sakhalin.rest,https://wrf.su/Sakhalin_Main_Istanbul_tur+eng.pdf,Johnnie Walker blue label,2600.0
Sakhalin İstanbul,,https://sakhalin.rest,https://wrf.su/Sakhalin_Main_Istanbul_tur+eng.pdf,Matsui Blended Tottori,930.0
Sakhalin İstanbul,,https://sakhalin.rest,https://wrf.su/Sakhalin_Main_Istanbul_tur+eng.pdf,Kamiki Sakura,1100.0
Sakhalin İstanbul,,https://sakhalin.rest,https://wrf.su/Sakhalin_Main_Istanbul_tur+eng.pdf,Akashi Meisei blended,1250.0
Sakhalin İstanbul,,https://sakhalin.rest,https://wrf.su/Sakhalin_Main_Istanbul_tur+eng.pdf,Hibiki,2950.0
Sakhalin İstanbul,,https://sakhalin.rest,https://wrf.su/Sakhalin_Main_Istanbul_tur+eng.pdf,Jim Beam,550.0
Sakhalin İstanbul,,https://sakhalin.rest,https://wrf.su/Sakhalin_Main_Istanbul_tur+eng.pdf,Jack Daniel's,650.0
Sakhalin İstanbul,,https://sakhalin.rest,https://wrf.su/Sakhalin_Main_Istanbul_tur+eng.pdf,Maker's Mark,750.0
Sakhalin İstanbul,,https://sakhalin.rest,https://wrf.su/Sakhalin_Main_Istanbul_tur+eng.pdf,Michter’s Rye,1450.0
Sakhalin İstanbul,,https://sakhalin.rest,https://wrf.su/Sakhalin_Main_Istanbul_tur+eng.pdf,Dubliner,510.0
Sakhalin İstanbul,,https://sakhalin.rest,https://wrf.su/Sakhalin_Main_Istanbul_tur+eng.pdf,Jameson,650.0
Sakhalin İstanbul,,https://sakhalin.rest,https://wrf.su/Sakhalin_Main_Istanbul_tur+eng.pdf,Dead Rabbit,570.0
Sakhalin İstanbul,,https://sakhalin.rest,https://wrf.su/Sakhalin_Main_Istanbul_tur+eng.pdf,Kavalan Distillery Select,870.0
Sakhalin İstanbul,,https://sakhalin.rest,https://wrf.su/Sakhalin_Main_Istanbul_tur+eng.pdf,Kavalan Single Malt,950.0
Sakhalin İstanbul,,https://sakhalin.rest,https://wrf.su/Sakhalin_Main_Istanbul_tur+eng.pdf,Hennessy VS,750.0
Sakhalin İstanbul,,https://sakhalin.rest,https://wrf.su/Sakhalin_Main_Istanbul_tur+eng.pdf,Hennessy VSOP,1200.0
Sakhalin İstanbul,,https://sakhalin.rest,https://wrf.su/Sakhalin_Main_Istanbul_tur+eng.pdf,Hennessy XO,2650.0
Sakhalin İstanbul,,https://sakhalin.rest,https://wrf.su/Sakhalin_Main_Istanbul_tur+eng.pdf,Remy Martin VSOP,1300.0
Sakhalin İstanbul,,https://sakhalin.rest,https://wrf.su/Sakhalin_Main_Istanbul_tur+eng.pdf,Martel VS,880.0
Sakhalin İstanbul,,https://sakhalin.rest,https://wrf.su/Sakhalin_Main_Istanbul_tur+eng.pdf,Martel VSOP,1450.0
Sakhalin İstanbul,,https://sakhalin.rest,https://wrf.su/Sakhalin_Main_Istanbul_tur+eng.pdf,Tekirdağ,780.0
Sakhalin İstanbul,,https://sakhalin.rest,https://wrf.su/Sakhalin_Main_Istanbul_tur+eng.pdf,Limoncello Luxardo,650.0
Sakhalin İstanbul,,https://sakhalin.rest,https://wrf.su/Sakhalin_Main_Istanbul_tur+eng.pdf,Disaronno,650.0
Sakhalin İstanbul,,https://sakhalin.rest,https://wrf.su/Sakhalin_Main_Istanbul_tur+eng.pdf,Bailey's,650.0
Sakhalin İstanbul,,https://sakhalin.rest,https://wrf.su/Sakhalin_Main_Istanbul_tur+eng.pdf,Cointreau,650.0
Sakhalin İstanbul,,https://sakhalin.rest,https://wrf.su/Sakhalin_Main_Istanbul_tur+eng.pdf,Kahlua,650.0
Sakhalin İstanbul,,https://sakhalin.rest,https://wrf.su/Sakhalin_Main_Istanbul_tur+eng.pdf,St. Germain,650.0
Sakhalin İstanbul,,https://sakhalin.rest,https://wrf.su/Sakhalin_Main_Istanbul_tur+eng.pdf,Malibu,650.0
Sakhalin İstanbul,,https://sakhalin.rest,https://wrf.su/Sakhalin_Main_Istanbul_tur+eng.pdf,Fernet Branca,650.0
Sakhalin İstanbul,,https://sakhalin.rest,https://wrf.su/Sakhalin_Main_Istanbul_tur+eng.pdf,Sambuca,650.0
Sakhalin İstanbul,,https://sakhalin.rest,https://wrf.su/Sakhalin_Main_Istanbul_tur+eng.pdf,Jagermeister,750.0
Santral Coffee House,,http://www.santralcoffee.com,http://www.santralcoffee.com/santral-coffee-menu.pdf,Espresso Macchiato,140.0
Santral Coffee House,,http://www.santralcoffee.com,http://www.santralcoffee.com/santral-coffee-menu.pdf,Ristretto,140.0
Santral Coffee House,,http://www.santralcoffee.com,http://www.santralcoffee.com/santral-coffee-menu.pdf,Lungo,160.0
Santral Coffee House,,http://www.santralcoffee.com,http://www.santralcoffee.com/santral-coffee-menu.pdf,Piccolo Latte*,170.0
Santral Coffee House,,http://www.santralcoffee.com,http://www.santralcoffee.com/santral-coffee-menu.pdf,Cortado*,170.0
Santral Coffee House,,http://www.santralcoffee.com,http://www.santralcoffee.com/santral-coffee-menu.pdf,Santral,200.0
Santral Coffee House,,http://www.santralcoffee.com,http://www.santralcoffee.com/santral-coffee-menu.pdf,Cafe Nutella,200.0
Santral Coffee House,,http://www.santralcoffee.com,http://www.santralcoffee.com/santral-coffee-menu.pdf,Zebra,200.0
Santral Coffee House,,http://www.santralcoffee.com,http://www.santralcoffee.com/santral-coffee-menu.pdf,Chilli Mocha,200.0
Santral Coffee House,,http://www.santralcoffee.com,http://www.santralcoffee.com/santral-coffee-menu.pdf,Espresso on the Rock,150.0
Santral Coffee House,,http://www.santralcoffee.com,http://www.santralcoffee.com/santral-coffee-menu.pdf,Iced Latte,190.0
Santral Coffee House,,http://www.santralcoffee.com,http://www.santralcoffee.com/santral-coffee-menu.pdf,Iced Americano,190.0
Santral Coffee House,,http://www.santralcoffee.com,http://www.santralcoffee.com/santral-coffee-menu.pdf,Iced Mocha,210.0
Santral Coffee House,,http://www.santralcoffee.com,http://www.santralcoffee.com/santral-coffee-menu.pdf,Iced White Chocolate Mocha,210.0
Santral Coffee House,,http://www.santralcoffee.com,http://www.santralcoffee.com/santral-coffee-menu.pdf,Iced Caramel Macchiato,210.0
Santral Coffee House,,http://www.santralcoffee.com,http://www.santralcoffee.com/santral-coffee-menu.pdf,Black Eye,190.0
Santral Coffee House,,http://www.santralcoffee.com,http://www.santralcoffee.com/santral-coffee-menu.pdf,"Frappe **(Greek, çikolata, vanilya)",220.0
Santral Coffee House,,http://www.santralcoffee.com,http://www.santralcoffee.com/santral-coffee-menu.pdf,Cici Frappe,220.0
Santral Coffee House,,http://www.santralcoffee.com,http://www.santralcoffee.com/santral-coffee-menu.pdf,Iced Chai Latte,230.0
Santral Coffee House,,http://www.santralcoffee.com,http://www.santralcoffee.com/santral-coffee-menu.pdf,Cold Brew,170.0
Santral Coffee House,,http://www.santralcoffee.com,http://www.santralcoffee.com/santral-coffee-menu.pdf,Mozaik,230.0
Santral Coffee House,,http://www.santralcoffee.com,http://www.santralcoffee.com/santral-coffee-menu.pdf,Chocolate Chip,120.0
Santral Coffee House,,http://www.santralcoffee.com,http://www.santralcoffee.com/santral-coffee-menu.pdf,Cheesecake,280.0
Santral Coffee House,,http://www.santralcoffee.com,http://www.santralcoffee.com/santral-coffee-menu.pdf,Brownie,260.0
Santral Coffee House,,http://www.santralcoffee.com,http://www.santralcoffee.com/santral-coffee-menu.pdf,Muzlu Alman Pastası,280.0
Santral Coffee House,,http://www.santralcoffee.com,http://www.santralcoffee.com/santral-coffee-menu.pdf,Elmalı Turta (şeker ilavesiz),280.0
Santral Coffee House,,http://www.santralcoffee.com,http://www.santralcoffee.com/santral-coffee-menu.pdf,Santral Tost,280.0
Santral Coffee House,,http://www.santralcoffee.com,http://www.santralcoffee.com/santral-coffee-menu.pdf,Hindi Füme Üçgen Tost,280.0
Santral Coffee House,,http://www.santralcoffee.com,http://www.santralcoffee.com/santral-coffee-menu.pdf,Kaşarlı Tost,160.0
Santral Coffee House,,http://www.santralcoffee.com,http://www.santralcoffee.com/santral-coffee-menu.pdf,Köz Patlıcanlı / Ispanaklı Kiş,290.0
Santral Coffee House,,http://www.santralcoffee.com,http://www.santralcoffee.com/santral-coffee-menu.pdf,Soda,90.0
Santral Coffee House,,http://www.santralcoffee.com,http://www.santralcoffee.com/santral-coffee-menu.pdf,Churchill,130.0
Santral Coffee House,,http://www.santralcoffee.com,http://www.santralcoffee.com/santral-coffee-menu.pdf,Limonata,200.0
Santral Coffee House,,http://www.santralcoffee.com,http://www.santralcoffee.com/santral-coffee-menu.pdf,Soğuk Yeşil Çay,200.0
Santral Coffee House,,http://www.santralcoffee.com,http://www.santralcoffee.com/santral-coffee-menu.pdf,Hibiskus (Buz gibi!),200.0
Santral Coffee House,,http://www.santralcoffee.com,http://www.santralcoffee.com/santral-coffee-menu.pdf,Izgara Sebze ve Hellimli Sandviç,300.0
Santral Coffee House,,http://www.santralcoffee.com,http://www.santralcoffee.com/santral-coffee-menu.pdf,Oreolu Cup/Tiramisu,280.0
Santral Coffee House,,http://www.santralcoffee.com,http://www.santralcoffee.com/santral-coffee-menu.pdf,Glutensiz- El Açması Poğaça,150.0
Santral Coffee House,,http://www.santralcoffee.com,http://www.santralcoffee.com/santral-coffee-menu.pdf,Fitbar- Sağlıklı Bar,200.0
Tarhun fırın,Istanbul,https://tarhunfirin.com/anasayfa/,https://tarhunfirin.com/menu/,Novazet   //,140.0
Tarhun fırın,Istanbul,https://tarhunfirin.com/anasayfa/,https://tarhunfirin.com/menu/,Snickers Pasta   //,140.0
Tarhun fırın,Istanbul,https://tarhunfirin.com/anasayfa/,https://tarhunfirin.com/menu/,Le Fraisier   //,125.0
Tarhun fırın,Istanbul,https://tarhunfirin.com/anasayfa/,https://tarhunfirin.com/menu/,Panna Cotta   //,105.0
Tarhun fırın,Istanbul,https://tarhunfirin.com/anasayfa/,https://tarhunfirin.com/menu/,Red Fruit Matcha   //,125.0
Tarhun fırın,Istanbul,https://tarhunfirin.com/anasayfa/,https://tarhunfirin.com/menu/,Bahar Tartolet   //,125.0
Tarhun fırın,Istanbul,https://tarhunfirin.com/anasayfa/,https://tarhunfirin.com/menu/,Orman Meyveli Tart   //,125.0
Tarhun fırın,Istanbul,https://tarhunfirin.com/anasayfa/,https://tarhunfirin.com/menu/,Brownie   //,125.0
Tarhun fırın,Istanbul,https://tarhunfirin.com/anasayfa/,https://tarhunfirin.com/menu/,Napolyon Pasta   //,145.0
Tarhun fırın,Istanbul,https://tarhunfirin.com/anasayfa/,https://tarhunfirin.com/menu/,Tiramisu   //,105.0
Tarhun fırın,Istanbul,https://tarhunfirin.com/anasayfa/,https://tarhunfirin.com/menu/,İstiridye Mantarlı Ciabatta   //,95.0
Tarhun fırın,Istanbul,https://tarhunfirin.com/anasayfa/,https://tarhunfirin.com/menu/,Hindi Fümeli Ciabatta   //,105.0
Tarhun fırın,Istanbul,https://tarhunfirin.com/anasayfa/,https://tarhunfirin.com/menu/,Kruvasan Sade   //,53.0
Tarhun fırın,Istanbul,https://tarhunfirin.com/anasayfa/,https://tarhunfirin.com/menu/,Pana Chocolate (Çikolatalı Kruvasan)   //,58.0
Tarhun fırın,Istanbul,https://tarhunfirin.com/anasayfa/,https://tarhunfirin.com/menu/,Tahinli Sarma   //,58.0
Çukurağa Sofrası,Ankara,http://cukuraga.com.tr/,http://cukuraga.com.tr/,ADANA KEBAP,740.0
Çukurağa Sofrası,Ankara,http://cukuraga.com.tr/,http://cukuraga.com.tr/,YAPRAK KEBAP,850.0
Çukurağa Sofrası,Ankara,http://cukuraga.com.tr/,http://cukuraga.com.tr/,ÇÖP ŞİŞ,850.0
Çukurağa Sofrası,Ankara,http://cukuraga.com.tr/,http://cukuraga.com.tr/,MENEKŞE KEBAP,700.0
Çukurağa Sofrası,Ankara,http://cukuraga.com.tr/,http://cukuraga.com.tr/,CİĞER ŞİŞ,850.0
Çukurağa Sofrası,Ankara,http://cukuraga.com.tr/,http://cukuraga.com.tr/,TAVUK ŞİŞ,680.0
Çukurağa Sofrası,Ankara,http://cukuraga.com.tr/,http://cukuraga.com.tr/,SEBZELİ KEBAP,750.0
Çukurağa Sofrası,Ankara,http://cukuraga.com.tr/,http://cukuraga.com.tr/,HAŞ HAŞ KEBAP,750.0
Çukurağa Sofrası,Ankara,http://cukuraga.com.tr/,http://cukuraga.com.tr/,TAVUK KANAT,680.0
Çukurağa Sofrası,Ankara,http://cukuraga.com.tr/,http://cukuraga.com.tr/,YOĞURTLU ADANA,800.0
Çukurağa Sofrası,Ankara,http://cukuraga.com.tr/,http://cukuraga.com.tr/,BEYTİ,800.0
Çukurağa Sofrası,Ankara,http://cukuraga.com.tr/,http://cukuraga.com.tr/,DOMATESLİ KEBAP,850.0
Çukurağa Sofrası,Ankara,http://cukuraga.com.tr/,http://cukuraga.com.tr/,SOĞANLI KEBAP,850.0
Çukurağa Sofrası,Ankara,http://cukuraga.com.tr/,http://cukuraga.com.tr/,ADANA DÜRÜM,740.0
Çukurağa Sofrası,Ankara,http://cukuraga.com.tr/,http://cukuraga.com.tr/,PATLICANLI KEBAP,850.0
Çukurağa Sofrası,Ankara,http://cukuraga.com.tr/,http://cukuraga.com.tr/,ALİ NAZİK KEBAP,830.0
Çukurağa Sofrası,Ankara,http://cukuraga.com.tr/,http://cukuraga.com.tr/,ALİ NAZİK ŞİŞ,880.0
Çukurağa Sofrası,Ankara,http://cukuraga.com.tr/,http://cukuraga.com.tr/,MENEKŞE BEYTİ,750.0
Çukurağa Sofrası,Ankara,http://cukuraga.com.tr/,http://cukuraga.com.tr/,DÖNER,720.0
Çukurağa Sofrası,Ankara,http://cukuraga.com.tr/,http://cukuraga.com.tr/,KUZU SIRT,990.0
Çukurağa Sofrası,Ankara,http://cukuraga.com.tr/,http://cukuraga.com.tr/,LOKUM,990.0
Çukurağa Sofrası,Ankara,http://cukuraga.com.tr/,http://cukuraga.com.tr/,İÇLİ KÖFTE,140.0
Çukurağa Sofrası,Ankara,http://cukuraga.com.tr/,http://cukuraga.com.tr/,ÇORBA,250.0
Pizza Tomato,Antalya,http://www.pizzatomato.com.tr/,http://www.pizzatomato.com.tr/storage/QYK76KuQ43P4Z0lbivJ8pIdknhRl9wyp.pdf,Piliç Pane Burger,670.0
Pizza Tomato,Antalya,http://www.pizzatomato.com.tr/,http://www.pizzatomato.com.tr/storage/QYK76KuQ43P4Z0lbivJ8pIdknhRl9wyp.pdf,Meksika Burger,730.0
Pizza Tomato,Antalya,http://www.pizzatomato.com.tr/,http://www.pizzatomato.com.tr/storage/QYK76KuQ43P4Z0lbivJ8pIdknhRl9wyp.pdf,K.  Tavuk Burger,690.0
Pizza Tomato,Antalya,http://www.pizzatomato.com.tr/,http://www.pizzatomato.com.tr/storage/QYK76KuQ43P4Z0lbivJ8pIdknhRl9wyp.pdf,C. Tavuk Burger,690.0
Pizza Tomato,Antalya,http://www.pizzatomato.com.tr/,http://www.pizzatomato.com.tr/storage/QYK76KuQ43P4Z0lbivJ8pIdknhRl9wyp.pdf,Penne Napolitan,635.0
